panel,metric,family,horizon_min,cv_auc,cv_lo,cv_hi
Frequency,Freeze frequency,frequency,0.5,0.40281609195402296,0.3043103448275862,0.5063218390804598
Frequency,Sniff frequency,frequency,0.5,0.4654022988505747,0.3635057471264368,0.5373563218390804
Frequency,Groom frequency,frequency,0.5,0.3999425287356322,0.31896551724137934,0.4755747126436782
Frequency,Turn frequency,frequency,0.5,0.5242528735632185,0.47528735632183905,0.5798850574712644
Frequency,Locomotion frequency,frequency,0.5,0.32275862068965516,0.21982758620689655,0.42011494252873566
Frequency,Climb frequency,frequency,0.5,0.3448275862068966,0.27270114942528734,0.3936781609195403
Frequency,Jump frequency,frequency,0.5,0.439367816091954,0.3390804597701149,0.5267241379310345
Diversity,Simpson index,diversity,0.5,0.5125287356321839,0.4867816091954023,0.5379310344827586
Diversity,Shannon entropy,diversity,0.5,0.41367816091954024,0.35804597701149427,0.46091954022988507
Diversity,Evenness index,diversity,0.5,0.4101149425287356,0.3310344827586207,0.48965517241379314
Diversity,Cumulative usage,diversity,0.5,0.577816091954023,0.5499999999999999,0.6022988505747127
Transition,Lempel-Ziv,transition,0.5,0.42436781609195406,0.33591954022988507,0.5195402298850574
Transition,Recurrence,transition,0.5,0.5125287356321839,0.4867816091954023,0.5379310344827586
Transition,Determinism,transition,0.5,0.4762068965517241,0.3545977011494253,0.5431034482758621
Transition,Markov entropy,transition,0.5,0.48850574712643685,0.4074712643678161,0.5477011494252874
Bout,Mean bout duration,bout,0.5,0.5194252873563218,0.48333333333333334,0.5545977011494253
Bout,Freeze bout duration,bout,0.5,0.45270114942528733,0.4117816091954023,0.5129310344827587
Bout,Sniff bout duration,bout,0.5,0.3732183908045977,0.2655172413793103,0.47643678160919545
Bout,Groom bout duration,bout,0.5,0.40683908045977013,0.31896551724137934,0.4755747126436782
Bout,Turn bout duration,bout,0.5,0.5386781609195402,0.5160919540229885,0.5609195402298851
Bout,Locomotion bout duration,bout,0.5,0.3474137931034483,0.22787356321839083,0.45603448275862074
Bout,Climb bout duration,bout,0.5,0.34229885057471265,0.2908045977011494,0.39712643678160925
Bout,Jump bout duration,bout,0.5,0.41626436781609194,0.30057471264367813,0.5255747126436782
Frequency,Freeze frequency,frequency,1.0,0.3742528735632184,0.2939655172413793,0.48649425287356324
Frequency,Sniff frequency,frequency,1.0,0.34764367816091957,0.2456896551724138,0.4620689655172414
Frequency,Groom frequency,frequency,1.0,0.3970689655172414,0.310632183908046,0.4971264367816092
Frequency,Turn frequency,frequency,1.0,0.33195402298850574,0.2505747126436782,0.40689655172413797
Frequency,Locomotion frequency,frequency,1.0,0.31942528735632186,0.25862068965517243,0.41954022988505746
Frequency,Climb frequency,frequency,1.0,0.4179885057471264,0.2988505747126437,0.5011494252873563
Frequency,Jump frequency,frequency,1.0,0.4085057471264368,0.34367816091954023,0.460632183908046
Diversity,Simpson index,diversity,1.0,0.4355172413793103,0.3545977011494253,0.5172413793103449
Diversity,Shannon entropy,diversity,1.0,0.3865517241379311,0.3431034482758621,0.43505747126436783
Diversity,Evenness index,diversity,1.0,0.4444827586206897,0.3568965517241379,0.5172413793103449
Diversity,Cumulative usage,diversity,1.0,0.4649425287356322,0.3873563218390805,0.5333333333333333
Transition,Lempel-Ziv,transition,1.0,0.3582183908045977,0.27586206896551724,0.4574712643678161
Transition,Recurrence,transition,1.0,0.4355172413793103,0.3545977011494253,0.5172413793103449
Transition,Determinism,transition,1.0,0.3648275862068966,0.27816091954022987,0.47011494252873565
Transition,Markov entropy,transition,1.0,0.36,0.2913793103448276,0.43275862068965515
Bout,Mean bout duration,bout,1.0,0.44149425287356325,0.34367816091954023,0.5137931034482759
Bout,Freeze bout duration,bout,1.0,0.3516666666666666,0.26005747126436785,0.4505747126436782
Bout,Sniff bout duration,bout,1.0,0.3977586206896552,0.278448275862069,0.5086206896551724
Bout,Groom bout duration,bout,1.0,0.36103448275862066,0.24080459770114943,0.46695402298850575
Bout,Turn bout duration,bout,1.0,0.4296551724137931,0.3396551724137931,0.4902298850574713
Bout,Locomotion bout duration,bout,1.0,0.5047701149425288,0.40057471264367817,0.5675287356321839
Bout,Climb bout duration,bout,1.0,0.4808620689655172,0.4074712643678161,0.5166666666666667
Bout,Jump bout duration,bout,1.0,0.33689655172413785,0.25833333333333336,0.3887931034482759
Frequency,Freeze frequency,frequency,1.5,0.44281609195402294,0.33189655172413796,0.5209770114942529
Frequency,Sniff frequency,frequency,1.5,0.4405747126436782,0.3543103448275862,0.5060344827586207
Frequency,Groom frequency,frequency,1.5,0.5432758620689655,0.521551724137931,0.5643678160919541
Frequency,Turn frequency,frequency,1.5,0.38712643678160924,0.31264367816091954,0.506896551724138
Frequency,Locomotion frequency,frequency,1.5,0.3324137931034483,0.24770114942528737,0.42068965517241386
Frequency,Climb frequency,frequency,1.5,0.5498275862068965,0.4951149425287356,0.5948275862068966
Frequency,Jump frequency,frequency,1.5,0.400919540229885,0.3218390804597701,0.44655172413793104
Diversity,Simpson index,diversity,1.5,0.3351724137931035,0.2672413793103448,0.4218390804597702
Diversity,Shannon entropy,diversity,1.5,0.39804597701149425,0.32873563218390806,0.49827586206896557
Diversity,Evenness index,diversity,1.5,0.3680459770114943,0.2850574712643678,0.43333333333333335
Diversity,Cumulative usage,diversity,1.5,0.47402298850574714,0.3844827586206897,0.535632183908046
Transition,Lempel-Ziv,transition,1.5,0.335344827586207,0.2514367816091954,0.4063218390804598
Transition,Recurrence,transition,1.5,0.3351724137931035,0.2672413793103448,0.4218390804597702
Transition,Determinism,transition,1.5,0.34264367816091956,0.27643678160919544,0.4224137931034483
Transition,Markov entropy,transition,1.5,0.3490804597701149,0.27873563218390807,0.4057471264367816
Bout,Mean bout duration,bout,1.5,0.41367816091954024,0.3373563218390805,0.47701149425287354
Bout,Freeze bout duration,bout,1.5,0.5499425287356322,0.5198275862068965,0.5758620689655173
Bout,Sniff bout duration,bout,1.5,0.49810344827586206,0.4304597701149426,0.5511494252873563
Bout,Groom bout duration,bout,1.5,0.4910344827586207,0.41235632183908044,0.5344827586206896
Bout,Turn bout duration,bout,1.5,0.3540229885057471,0.2988505747126437,0.4310344827586207
Bout,Locomotion bout duration,bout,1.5,0.4039655172413793,0.3132183908045977,0.49942528735632186
Bout,Climb bout duration,bout,1.5,0.36,0.2833333333333333,0.44482758620689655
Bout,Jump bout duration,bout,1.5,0.32109195402298857,0.2597701149425288,0.37126436781609196
Frequency,Freeze frequency,frequency,2.0,0.355,0.2235632183908046,0.4778735632183908
Frequency,Sniff frequency,frequency,2.0,0.4951724137931034,0.44540229885057475,0.5494252873563219
Frequency,Groom frequency,frequency,2.0,0.5072988505747127,0.4764367816091954,0.539367816091954
Frequency,Turn frequency,frequency,2.0,0.529655172413793,0.4925287356321839,0.5689655172413793
Frequency,Locomotion frequency,frequency,2.0,0.3060919540229885,0.25114942528735634,0.4005747126436782
Frequency,Climb frequency,frequency,2.0,0.5567241379310345,0.5051724137931034,0.6097701149425288
Frequency,Jump frequency,frequency,2.0,0.43448275862068964,0.3525862068965517,0.5169540229885058
Diversity,Simpson index,diversity,2.0,0.33275862068965517,0.24482758620689657,0.44655172413793104
Diversity,Shannon entropy,diversity,2.0,0.46747126436781605,0.3683908045977012,0.5545977011494253
Diversity,Evenness index,diversity,2.0,0.3697701149425287,0.2454022988505747,0.49885057471264366
Diversity,Cumulative usage,diversity,2.0,0.47586206896551725,0.3994252873563218,0.5408045977011494
Transition,Lempel-Ziv,transition,2.0,0.37367816091954026,0.2959770114942529,0.43591954022988505
Transition,Recurrence,transition,2.0,0.33275862068965517,0.24482758620689657,0.44655172413793104
Transition,Determinism,transition,2.0,0.3439080459770114,0.26436781609195403,0.40977011494252874
Transition,Markov entropy,transition,2.0,0.37425287356321846,0.29022988505747127,0.4580459770114943
Bout,Mean bout duration,bout,2.0,0.4027586206896552,0.31494252873563217,0.46091954022988507
Bout,Freeze bout duration,bout,2.0,0.4171264367816092,0.3310344827586207,0.5229885057471264
Bout,Sniff bout duration,bout,2.0,0.5596551724137931,0.5227011494252873,0.6008620689655173
Bout,Groom bout duration,bout,2.0,0.34586206896551724,0.2853448275862069,0.40517241379310354
Bout,Turn bout duration,bout,2.0,0.3559770114942529,0.2942528735632184,0.4264367816091954
Bout,Locomotion bout duration,bout,2.0,0.3933333333333334,0.29252873563218396,0.5186781609195402
Bout,Climb bout duration,bout,2.0,0.41005747126436787,0.33275862068965517,0.4905172413793104
Bout,Jump bout duration,bout,2.0,0.4838505747126437,0.4494252873563218,0.5103448275862069
Frequency,Freeze frequency,frequency,2.5,0.3124712643678161,0.1735632183908046,0.42902298850574716
Frequency,Sniff frequency,frequency,2.5,0.449712643678161,0.35229885057471266,0.5149425287356322
Frequency,Groom frequency,frequency,2.5,0.4144827586206896,0.3341954022988506,0.49942528735632186
Frequency,Turn frequency,frequency,2.5,0.4604597701149426,0.36379310344827587,0.514367816091954
Frequency,Locomotion frequency,frequency,2.5,0.30517241379310345,0.2505747126436782,0.4074712643678161
Frequency,Climb frequency,frequency,2.5,0.45045977011494254,0.34022988505747126,0.5655172413793104
Frequency,Jump frequency,frequency,2.5,0.4321264367816092,0.31724137931034485,0.521551724137931
Diversity,Simpson index,diversity,2.5,0.31735632183908047,0.2442528735632184,0.40402298850574714
Diversity,Shannon entropy,diversity,2.5,0.37413793103448284,0.2982758620689655,0.4706896551724138
Diversity,Evenness index,diversity,2.5,0.484367816091954,0.39022988505747125,0.5522988505747126
Diversity,Cumulative usage,diversity,2.5,0.4560919540229885,0.3879310344827586,0.5120689655172413
Transition,Lempel-Ziv,transition,2.5,0.3447701149425287,0.2712643678160919,0.4224137931034483
Transition,Recurrence,transition,2.5,0.31735632183908047,0.2442528735632184,0.40402298850574714
Transition,Determinism,transition,2.5,0.38724137931034486,0.32643678160919537,0.4827586206896552
Transition,Markov entropy,transition,2.5,0.3809195402298851,0.29195402298850576,0.4672413793103448
Bout,Mean bout duration,bout,2.5,0.4537931034482759,0.36551724137931035,0.49712643678160917
Bout,Freeze bout duration,bout,2.5,0.5568965517241379,0.5324712643678161,0.5879310344827586
Bout,Sniff bout duration,bout,2.5,0.5059195402298851,0.45373563218390806,0.5505747126436782
Bout,Groom bout duration,bout,2.5,0.37241379310344835,0.31264367816091954,0.42931034482758623
Bout,Turn bout duration,bout,2.5,0.3722988505747126,0.2896551724137931,0.4545977011494253
Bout,Locomotion bout duration,bout,2.5,0.36298850574712643,0.2959770114942529,0.43160919540229886
Bout,Climb bout duration,bout,2.5,0.3464942528735632,0.2655172413793103,0.4293103448275862
Bout,Jump bout duration,bout,2.5,0.5034482758620691,0.4666666666666667,0.5336206896551724
Frequency,Freeze frequency,frequency,3.0,0.3057471264367816,0.17758620689655172,0.3954022988505747
Frequency,Sniff frequency,frequency,3.0,0.44741379310344825,0.32873563218390806,0.5132183908045977
Frequency,Groom frequency,frequency,3.0,0.42683908045977015,0.3497126436781609,0.49310344827586206
Frequency,Turn frequency,frequency,3.0,0.4549425287356321,0.35919540229885055,0.514367816091954
Frequency,Locomotion frequency,frequency,3.0,0.3082758620689655,0.23620689655172414,0.4063218390804598
Frequency,Climb frequency,frequency,3.0,0.3710344827586207,0.29137931034482756,0.4574712643678161
Frequency,Jump frequency,frequency,3.0,0.45482758620689656,0.37442528735632186,0.5459770114942528
Diversity,Simpson index,diversity,3.0,0.3497701149425288,0.2672413793103448,0.43218390804597706
Diversity,Shannon entropy,diversity,3.0,0.3540229885057471,0.2574712643678161,0.4517241379310345
Diversity,Evenness index,diversity,3.0,0.3920689655172414,0.2563218390804598,0.5057471264367817
Diversity,Cumulative usage,diversity,3.0,0.5005747126436781,0.4477011494252873,0.5448275862068966
Transition,Lempel-Ziv,transition,3.0,0.3953448275862069,0.31321839080459773,0.46264367816091956
Transition,Recurrence,transition,3.0,0.3497701149425288,0.2672413793103448,0.43218390804597706
Transition,Determinism,transition,3.0,0.4366666666666667,0.35977011494252875,0.5362068965517242
Transition,Markov entropy,transition,3.0,0.46080459770114934,0.3839080459770115,0.5350574712643679
Bout,Mean bout duration,bout,3.0,0.4772413793103448,0.41379310344827586,0.5206896551724138
Bout,Freeze bout duration,bout,3.0,0.6479885057471264,0.6304597701149425,0.6635057471264368
Bout,Sniff bout duration,bout,3.0,0.510632183908046,0.4729885057471264,0.5405172413793103
Bout,Groom bout duration,bout,3.0,0.32833333333333337,0.2827586206896552,0.41321839080459777
Bout,Turn bout duration,bout,3.0,0.384367816091954,0.314367816091954,0.47701149425287354
Bout,Locomotion bout duration,bout,3.0,0.3814367816091954,0.28908045977011493,0.48620689655172417
Bout,Climb bout duration,bout,3.0,0.36132183908045973,0.29022988505747127,0.43821839080459773
Bout,Jump bout duration,bout,3.0,0.4420689655172414,0.31235632183908046,0.5020114942528735
Frequency,Freeze frequency,frequency,3.5,0.34965517241379307,0.23160919540229885,0.4591954022988506
Frequency,Sniff frequency,frequency,3.5,0.46902298850574714,0.37586206896551727,0.5350574712643679
Frequency,Groom frequency,frequency,3.5,0.4253448275862069,0.3635057471264368,0.4910919540229885
Frequency,Turn frequency,frequency,3.5,0.4210344827586207,0.3241379310344828,0.5028735632183908
Frequency,Locomotion frequency,frequency,3.5,0.30747126436781613,0.2310344827586207,0.3988505747126437
Frequency,Climb frequency,frequency,3.5,0.3159770114942529,0.23045977011494254,0.38620689655172413
Frequency,Jump frequency,frequency,3.5,0.33729885057471265,0.2560344827586207,0.4031609195402299
Diversity,Simpson index,diversity,3.5,0.3309195402298851,0.24942528735632186,0.4304597701149425
Diversity,Shannon entropy,diversity,3.5,0.34804597701149426,0.25689655172413794,0.4402298850574713
Diversity,Evenness index,diversity,3.5,0.3466666666666666,0.235632183908046,0.4540229885057471
Diversity,Cumulative usage,diversity,3.5,0.4693103448275862,0.39195402298850573,0.5304597701149426
Transition,Lempel-Ziv,transition,3.5,0.41235632183908044,0.3252873563218391,0.4971264367816092
Transition,Recurrence,transition,3.5,0.3309195402298851,0.24942528735632186,0.4304597701149425
Transition,Determinism,transition,3.5,0.40873563218390807,0.32873563218390806,0.5114942528735632
Transition,Markov entropy,transition,3.5,0.4244827586206897,0.3252873563218391,0.5103448275862069
Bout,Mean bout duration,bout,3.5,0.4762068965517241,0.42873563218390803,0.517816091954023
Bout,Freeze bout duration,bout,3.5,0.631264367816092,0.6172413793103448,0.6425287356321839
Bout,Sniff bout duration,bout,3.5,0.49333333333333335,0.44339080459770114,0.5252873563218391
Bout,Groom bout duration,bout,3.5,0.3461494252873563,0.28706896551724137,0.42643678160919546
Bout,Turn bout duration,bout,3.5,0.39781609195402295,0.3201149425287356,0.47413793103448276
Bout,Locomotion bout duration,bout,3.5,0.6686781609195401,0.6399425287356322,0.6933908045977012
Bout,Climb bout duration,bout,3.5,0.32620689655172413,0.23620689655172414,0.4209770114942529
Bout,Jump bout duration,bout,3.5,0.5611494252873563,0.4663793103448276,0.6186781609195402
Frequency,Freeze frequency,frequency,4.0,0.6527586206896552,0.6275862068965516,0.6827586206896552
Frequency,Sniff frequency,frequency,4.0,0.4700574712643678,0.35344827586206895,0.5459770114942529
Frequency,Groom frequency,frequency,4.0,0.41787356321839086,0.3652298850574713,0.48965517241379314
Frequency,Turn frequency,frequency,4.0,0.34229885057471265,0.2396551724137931,0.4477011494252874
Frequency,Locomotion frequency,frequency,4.0,0.30735632183908046,0.23333333333333334,0.403448275862069
Frequency,Climb frequency,frequency,4.0,0.32137931034482753,0.23160919540229885,0.39827586206896554
Frequency,Jump frequency,frequency,4.0,0.3590229885057471,0.2640804597701149,0.45689655172413796
Diversity,Simpson index,diversity,4.0,0.5171264367816092,0.46379310344827585,0.5649425287356322
Diversity,Shannon entropy,diversity,4.0,0.5041379310344827,0.41954022988505746,0.5637931034482758
Diversity,Evenness index,diversity,4.0,0.5205747126436782,0.4574712643678161,0.5747126436781609
Diversity,Cumulative usage,diversity,4.0,0.48666666666666664,0.421264367816092,0.5275862068965518
Transition,Lempel-Ziv,transition,4.0,0.40827586206896554,0.3086206896551724,0.4925287356321839
Transition,Recurrence,transition,4.0,0.5171264367816092,0.46379310344827585,0.5649425287356322
Transition,Determinism,transition,4.0,0.4644827586206896,0.35000000000000003,0.5373563218390804
Transition,Markov entropy,transition,4.0,0.4150574712643678,0.3022988505747127,0.5074712643678161
Bout,Mean bout duration,bout,4.0,0.46942528735632183,0.40977011494252874,0.5091954022988506
Bout,Freeze bout duration,bout,4.0,0.5405747126436782,0.43908045977011495,0.6097701149425288
Bout,Sniff bout duration,bout,4.0,0.485,0.4362068965517242,0.5310344827586208
Bout,Groom bout duration,bout,4.0,0.33804597701149425,0.2744252873563218,0.4005747126436782
Bout,Turn bout duration,bout,4.0,0.4582758620689655,0.36379310344827587,0.5132183908045977
Bout,Locomotion bout duration,bout,4.0,0.6610919540229884,0.6367816091954023,0.6836206896551724
Bout,Climb bout duration,bout,4.0,0.3244827586206896,0.2298850574712644,0.42701149425287355
Bout,Jump bout duration,bout,4.0,0.5707471264367816,0.5112068965517241,0.6235632183908046
Frequency,Freeze frequency,frequency,4.5,0.692528735632184,0.6735632183908046,0.7097701149425287
Frequency,Sniff frequency,frequency,4.5,0.4698275862068966,0.35344827586206895,0.5482758620689655
Frequency,Groom frequency,frequency,4.5,0.4129310344827586,0.3554597701149425,0.47097701149425286
Frequency,Turn frequency,frequency,4.5,0.4550574712643678,0.3086206896551724,0.5735632183908046
Frequency,Locomotion frequency,frequency,4.5,0.30505747126436783,0.23850574712643677,0.39252873563218393
Frequency,Climb frequency,frequency,4.5,0.3255172413793103,0.2396551724137931,0.4
Frequency,Jump frequency,frequency,4.5,0.3646551724137931,0.2686781609195402,0.4517241379310345
Diversity,Simpson index,diversity,4.5,0.5479310344827586,0.49942528735632186,0.5954022988505747
Diversity,Shannon entropy,diversity,4.5,0.5255172413793103,0.43505747126436783,0.5879310344827586
Diversity,Evenness index,diversity,4.5,0.4942528735632184,0.4448275862068966,0.5436781609195402
Diversity,Cumulative usage,diversity,4.5,0.46425287356321837,0.38850574712643676,0.5149425287356322
Transition,Lempel-Ziv,transition,4.5,0.40356321839080456,0.3020114942528736,0.4824712643678161
Transition,Recurrence,transition,4.5,0.5479310344827586,0.49942528735632186,0.5954022988505747
Transition,Determinism,transition,4.5,0.5131034482758621,0.43448275862068964,0.5626436781609195
Transition,Markov entropy,transition,4.5,0.4273563218390805,0.31494252873563217,0.5097701149425288
Bout,Mean bout duration,bout,4.5,0.4827586206896551,0.43103448275862066,0.5218390804597701
Bout,Freeze bout duration,bout,4.5,0.5819540229885056,0.5201149425287356,0.635632183908046
Bout,Sniff bout duration,bout,4.5,0.4932758620689654,0.42758620689655175,0.5448275862068966
Bout,Groom bout duration,bout,4.5,0.3556321839080459,0.2675287356321839,0.43965517241379315
Bout,Turn bout duration,bout,4.5,0.5260919540229885,0.4632183908045977,0.5632183908045977
Bout,Locomotion bout duration,bout,4.5,0.6598850574712644,0.6333333333333333,0.6810344827586207
Bout,Climb bout duration,bout,4.5,0.3232183908045977,0.23132183908045978,0.42183908045977014
Bout,Jump bout duration,bout,4.5,0.5722413793103448,0.510632183908046,0.6229885057471265
Frequency,Freeze frequency,frequency,5.0,0.6679310344827585,0.6505747126436782,0.6867816091954023
Frequency,Sniff frequency,frequency,5.0,0.48706896551724144,0.37586206896551727,0.5629310344827586
Frequency,Groom frequency,frequency,5.0,0.43000000000000005,0.37557471264367814,0.4908045977011494
Frequency,Turn frequency,frequency,5.0,0.4283908045977012,0.3097701149425287,0.5517241379310345
Frequency,Locomotion frequency,frequency,5.0,0.31114942528735634,0.2454022988505747,0.4063218390804598
Frequency,Climb frequency,frequency,5.0,0.3475862068965517,0.253448275862069,0.43218390804597706
Frequency,Jump frequency,frequency,5.0,0.335632183908046,0.21666666666666667,0.4310344827586207
Diversity,Simpson index,diversity,5.0,0.5085057471264367,0.43850574712643675,0.5775862068965517
Diversity,Shannon entropy,diversity,5.0,0.45011494252873563,0.29540229885057473,0.5379310344827586
Diversity,Evenness index,diversity,5.0,0.40839080459770116,0.31494252873563217,0.48965517241379314
Diversity,Cumulative usage,diversity,5.0,0.4355172413793104,0.35919540229885055,0.48620689655172417
Transition,Lempel-Ziv,transition,5.0,0.39132183908045964,0.3086206896551724,0.47586206896551725
Transition,Recurrence,transition,5.0,0.5085057471264367,0.43850574712643675,0.5775862068965517
Transition,Determinism,transition,5.0,0.48862068965517236,0.4275862068965517,0.5408045977011494
Transition,Markov entropy,transition,5.0,0.4014942528735632,0.3132183908045977,0.4787356321839081
Bout,Mean bout duration,bout,5.0,0.48632183908045973,0.44080459770114944,0.5201149425287356
Bout,Freeze bout duration,bout,5.0,0.6164367816091954,0.5971264367816091,0.6436781609195402
Bout,Sniff bout duration,bout,5.0,0.5124137931034483,0.4488505747126437,0.5706896551724139
Bout,Groom bout duration,bout,5.0,0.344367816091954,0.2761494252873563,0.40862068965517245
Bout,Turn bout duration,bout,5.0,0.5013793103448275,0.43908045977011495,0.5459770114942529
Bout,Locomotion bout duration,bout,5.0,0.600632183908046,0.5689655172413793,0.6293103448275862
Bout,Climb bout duration,bout,5.0,0.32689655172413795,0.2324712643678161,0.42155172413793107
Bout,Jump bout duration,bout,5.0,0.5868965517241379,0.5629310344827586,0.6123563218390805
Frequency,Freeze frequency,frequency,5.5,0.71816091954023,0.7011494252873564,0.7402298850574713
Frequency,Sniff frequency,frequency,5.5,0.5007471264367817,0.4017241379310345,0.5689655172413793
Frequency,Groom frequency,frequency,5.5,0.42218390804597705,0.367816091954023,0.47586206896551725
Frequency,Turn frequency,frequency,5.5,0.5389655172413793,0.4844827586206896,0.6040229885057471
Frequency,Locomotion frequency,frequency,5.5,0.31126436781609196,0.24655172413793103,0.4045977011494253
Frequency,Climb frequency,frequency,5.5,0.3732183908045977,0.2655172413793104,0.4545977011494253
Frequency,Jump frequency,frequency,5.5,0.33160919540229883,0.22586206896551725,0.42873563218390803
Diversity,Simpson index,diversity,5.5,0.567816091954023,0.5270114942528735,0.610919540229885
Diversity,Shannon entropy,diversity,5.5,0.4749425287356322,0.3701149425287356,0.5620689655172414
Diversity,Evenness index,diversity,5.5,0.41183908045977013,0.3120689655172414,0.478735632183908
Diversity,Cumulative usage,diversity,5.5,0.41183908045977013,0.3413793103448276,0.4614942528735632
Transition,Lempel-Ziv,transition,5.5,0.383448275862069,0.296551724137931,0.46839080459770116
Transition,Recurrence,transition,5.5,0.567816091954023,0.5270114942528735,0.610919540229885
Transition,Determinism,transition,5.5,0.5203448275862069,0.46839080459770116,0.5660919540229885
Transition,Markov entropy,transition,5.5,0.38609195402298846,0.296551724137931,0.47471264367816096
Bout,Mean bout duration,bout,5.5,0.4768965517241379,0.4275862068965517,0.5114942528735632
Bout,Freeze bout duration,bout,5.5,0.6833333333333335,0.6689655172413793,0.7028735632183908
Bout,Sniff bout duration,bout,5.5,0.49775862068965515,0.4287356321839081,0.5505747126436782
Bout,Groom bout duration,bout,5.5,0.346551724137931,0.2761494252873563,0.40373563218390807
Bout,Turn bout duration,bout,5.5,0.5329885057471264,0.4908045977011494,0.5735632183908046
Bout,Locomotion bout duration,bout,5.5,0.6148850574712644,0.585632183908046,0.6511494252873563
Bout,Climb bout duration,bout,5.5,0.3218390804597701,0.22586206896551725,0.41436781609195406
Bout,Jump bout duration,bout,5.5,0.5717241379310345,0.5456896551724137,0.5991379310344828
Frequency,Freeze frequency,frequency,6.0,0.7550574712643678,0.7396551724137931,0.7672413793103449
Frequency,Sniff frequency,frequency,6.0,0.47752873563218384,0.35344827586206895,0.5629310344827586
Frequency,Groom frequency,frequency,6.0,0.419080459770115,0.36379310344827587,0.4666666666666667
Frequency,Turn frequency,frequency,6.0,0.6842528735632183,0.6574712643678161,0.7149425287356321
Frequency,Locomotion frequency,frequency,6.0,0.3137931034482758,0.25114942528735634,0.4068965517241379
Frequency,Climb frequency,frequency,6.0,0.3960919540229885,0.28563218390804596,0.48620689655172417
Frequency,Jump frequency,frequency,6.0,0.3294252873563218,0.2206896551724138,0.42873563218390803
Diversity,Simpson index,diversity,6.0,0.6585057471264367,0.6258620689655172,0.6839080459770115
Diversity,Shannon entropy,diversity,6.0,0.5627586206896552,0.5126436781609196,0.6011494252873564
Diversity,Evenness index,diversity,6.0,0.5004597701149426,0.4482758620689655,0.5522988505747126
Diversity,Cumulative usage,diversity,6.0,0.41310344827586204,0.3545977011494253,0.4591954022988506
Transition,Lempel-Ziv,transition,6.0,0.38787356321839084,0.3080459770114942,0.4669540229885058
Transition,Recurrence,transition,6.0,0.6585057471264367,0.6258620689655172,0.6839080459770115
Transition,Determinism,transition,6.0,0.5551724137931034,0.5040229885057471,0.5948275862068966
Transition,Markov entropy,transition,6.0,0.39287356321839084,0.2971264367816092,0.47586206896551725
Bout,Mean bout duration,bout,6.0,0.4839080459770115,0.42586206896551726,0.5201149425287356
Bout,Freeze bout duration,bout,6.0,0.707471264367816,0.6810344827586207,0.7201149425287356
Bout,Sniff bout duration,bout,6.0,0.5230459770114942,0.47183908045977013,0.5761494252873564
Bout,Groom bout duration,bout,6.0,0.346551724137931,0.2761494252873563,0.40373563218390807
Bout,Turn bout duration,bout,6.0,0.5904597701149426,0.5603448275862069,0.6120689655172413
Bout,Locomotion bout duration,bout,6.0,0.6172413793103448,0.582183908045977,0.6528735632183909
Bout,Climb bout duration,bout,6.0,0.32517241379310347,0.23390804597701148,0.41264367816091957
Bout,Jump bout duration,bout,6.0,0.5717241379310345,0.5456896551724137,0.5991379310344828
Frequency,Freeze frequency,frequency,6.5,0.7570114942528737,0.7425287356321839,0.7752873563218391
Frequency,Sniff frequency,frequency,6.5,0.4552873563218391,0.3235632183908046,0.5310344827586206
Frequency,Groom frequency,frequency,6.5,0.41568965517241374,0.35718390804597705,0.47183908045977013
Frequency,Turn frequency,frequency,6.5,0.738390804597701,0.7160919540229885,0.7586206896551724
Frequency,Locomotion frequency,frequency,6.5,0.3157471264367816,0.2591954022988506,0.42298850574712643
Frequency,Climb frequency,frequency,6.5,0.3650574712643678,0.253448275862069,0.4540229885057471
Frequency,Jump frequency,frequency,6.5,0.3722988505747126,0.2775862068965517,0.46609195402298853
Diversity,Simpson index,diversity,6.5,0.6809195402298852,0.6586206896551724,0.7063218390804598
Diversity,Shannon entropy,diversity,6.5,0.5770114942528736,0.5385057471264367,0.6206896551724138
Diversity,Evenness index,diversity,6.5,0.5431034482758621,0.5045977011494253,0.5827586206896551
Diversity,Cumulative usage,diversity,6.5,0.4309195402298851,0.3339080459770115,0.48390804597701154
Transition,Lempel-Ziv,transition,6.5,0.38706896551724135,0.30919540229885056,0.46091954022988507
Transition,Recurrence,transition,6.5,0.6809195402298852,0.6586206896551724,0.7063218390804598
Transition,Determinism,transition,6.5,0.5134482758620691,0.44655172413793104,0.5718390804597702
Transition,Markov entropy,transition,6.5,0.35793103448275865,0.2695402298850575,0.4471264367816092
Bout,Mean bout duration,bout,6.5,0.4357471264367817,0.3488505747126437,0.5017241379310345
Bout,Freeze bout duration,bout,6.5,0.7171264367816091,0.7068965517241379,0.7327586206896551
Bout,Sniff bout duration,bout,6.5,0.5116091954022989,0.47126436781609193,0.5620689655172414
Bout,Groom bout duration,bout,6.5,0.38005747126436773,0.2974137931034483,0.47844827586206895
Bout,Turn bout duration,bout,6.5,0.5680459770114943,0.5339080459770115,0.6011494252873564
Bout,Locomotion bout duration,bout,6.5,0.6022988505747126,0.5655172413793104,0.6385057471264368
Bout,Climb bout duration,bout,6.5,0.3243678160919541,0.22528735632183908,0.41551724137931034
Bout,Jump bout duration,bout,6.5,0.38229885057471263,0.3017241379310345,0.47500000000000003
Frequency,Freeze frequency,frequency,7.0,0.7880459770114941,0.7798850574712644,0.7988505747126436
Frequency,Sniff frequency,frequency,7.0,0.4498850574712644,0.3126436781609196,0.524712643678161
Frequency,Groom frequency,frequency,7.0,0.40724137931034493,0.33620689655172414,0.47212643678160926
Frequency,Turn frequency,frequency,7.0,0.7894252873563218,0.7735632183908046,0.7988505747126436
Frequency,Locomotion frequency,frequency,7.0,0.3217241379310345,0.2649425287356322,0.42873563218390803
Frequency,Climb frequency,frequency,7.0,0.3795402298850574,0.2913793103448276,0.45114942528735635
Frequency,Jump frequency,frequency,7.0,0.4254022988505746,0.31091954022988505,0.5275862068965518
Diversity,Simpson index,diversity,7.0,0.709080459770115,0.6908045977011494,0.7298850574712644
Diversity,Shannon entropy,diversity,7.0,0.5616091954022988,0.4971264367816092,0.6051724137931035
Diversity,Evenness index,diversity,7.0,0.5027586206896553,0.45229885057471264,0.5522988505747126
Diversity,Cumulative usage,diversity,7.0,0.4149425287356322,0.314367816091954,0.4942528735632184
Transition,Lempel-Ziv,transition,7.0,0.3628735632183908,0.2916666666666667,0.44080459770114944
Transition,Recurrence,transition,7.0,0.709080459770115,0.6908045977011494,0.7298850574712644
Transition,Determinism,transition,7.0,0.5104597701149425,0.43908045977011495,0.5718390804597702
Transition,Markov entropy,transition,7.0,0.3473563218390805,0.2563218390804598,0.43735632183908046
Bout,Mean bout duration,bout,7.0,0.41241379310344833,0.33045977011494254,0.48735632183908045
Bout,Freeze bout duration,bout,7.0,0.7282758620689656,0.710919540229885,0.7459770114942529
Bout,Sniff bout duration,bout,7.0,0.5240229885057471,0.4839080459770115,0.5724137931034483
Bout,Groom bout duration,bout,7.0,0.32120689655172413,0.2514367816091954,0.39195402298850573
Bout,Turn bout duration,bout,7.0,0.5822988505747126,0.5477011494252874,0.6120689655172413
Bout,Locomotion bout duration,bout,7.0,0.6119540229885058,0.5655172413793104,0.6436781609195402
Bout,Climb bout duration,bout,7.0,0.3243678160919541,0.21666666666666667,0.4224137931034483
Bout,Jump bout duration,bout,7.0,0.3754022988505747,0.28620689655172415,0.4566091954022989
Frequency,Freeze frequency,frequency,7.5,0.8097701149425288,0.7988505747126436,0.8206896551724139
Frequency,Sniff frequency,frequency,7.5,0.45816091954022986,0.33620689655172414,0.5333333333333333
Frequency,Groom frequency,frequency,7.5,0.4088505747126437,0.3442528735632184,0.4758620689655173
Frequency,Turn frequency,frequency,7.5,0.8357471264367815,0.8258620689655172,0.8465517241379311
Frequency,Locomotion frequency,frequency,7.5,0.32896551724137935,0.26436781609195403,0.4379310344827586
Frequency,Climb frequency,frequency,7.5,0.3949425287356322,0.29367816091954024,0.4666666666666667
Frequency,Jump frequency,frequency,7.5,0.425287356321839,0.3097701149425287,0.524712643678161
Diversity,Simpson index,diversity,7.5,0.6997701149425288,0.682183908045977,0.7172413793103448
Diversity,Shannon entropy,diversity,7.5,0.5260919540229885,0.4528735632183908,0.5718390804597702
Diversity,Evenness index,diversity,7.5,0.4766666666666666,0.3839080459770115,0.5350574712643679
Diversity,Cumulative usage,diversity,7.5,0.39264367816091955,0.29367816091954024,0.4747126436781609
Transition,Lempel-Ziv,transition,7.5,0.35689655172413803,0.2859195402298851,0.43189655172413793
Transition,Recurrence,transition,7.5,0.6997701149425288,0.682183908045977,0.7172413793103448
Transition,Determinism,transition,7.5,0.5118390804597701,0.45632183908045976,0.567816091954023
Transition,Markov entropy,transition,7.5,0.34241379310344827,0.24597701149425288,0.44310344827586207
Bout,Mean bout duration,bout,7.5,0.37735632183908047,0.28218390804597704,0.45977011494252873
Bout,Freeze bout duration,bout,7.5,0.7406896551724137,0.7189655172413794,0.7586206896551724
Bout,Sniff bout duration,bout,7.5,0.4733333333333334,0.40344827586206894,0.5264367816091954
Bout,Groom bout duration,bout,7.5,0.335919540229885,0.24396551724137933,0.4066091954022989
Bout,Turn bout duration,bout,7.5,0.6128735632183908,0.582183908045977,0.6350574712643678
Bout,Locomotion bout duration,bout,7.5,0.6166666666666667,0.578735632183908,0.6454022988505748
Bout,Climb bout duration,bout,7.5,0.32264367816091954,0.2132183908045977,0.42126436781609194
Bout,Jump bout duration,bout,7.5,0.3708045977011494,0.2873563218390805,0.44339080459770114
