Animal,Condition,Experiment,LZ_complexity,Recurrence_Rate,Determinism,MarkovEntropy
11.4,Control,1,190,0.29974156860254875,0.8277541949974107,1.0951244891136098
11.6,Control,1,187,0.30571977391411403,0.823714486968772,1.0609475586564485
123.1,ELS,3,135,0.3471015,0.864684659472045,0.848953610396163
123.3,ELS,3,156,0.3362588882446289,0.8534499163544752,0.9153417799566266
128.4,ELS,3,144,0.24611302278081515,0.8575849667400272,0.9178909875216092
129.1,Control,3,113,0.25239175065148056,0.8795028508403763,0.7919965211692522
129.4,Control,3,109,0.3314339714910687,0.8826858527747912,0.7542606868262083
133.3,ELS,3,167,0.322189870573389,0.8130541585189922,1.0223953299262165
134.2,ELS,3,169,0.2909972153684224,0.8307096814394667,1.0362529885409786
134.4,ELS,3,166,0.346264463414017,0.835639474928756,1.0433268234320396
136.2,Control,3,152,0.2993912374851096,0.8435997320794831,0.977707321558795
136.3,Control,3,135,0.36348261560710915,0.8736640352104753,0.8913532788324094
136.5,Control,3,130,0.27783632554229865,0.8509954496959552,0.8597005044012269
137.3,Control,3,168,0.2857726877577828,0.8504483612664192,1.050792555284885
144.3,ELS,3,150,0.41652978886661224,0.8826436270088505,0.9479913404676155
144.5,ELS,3,137,0.29652481945902,0.8844371266924734,0.8411085381252235
145.5,Control,3,173,0.3148058945348062,0.8263977231712296,1.0552989320404054
146.6,Control,3,161,0.320424014130644,0.8266735220642056,1.0204520725174426
147.4,Control,3,211,0.2969948993742734,0.7920812731995389,1.2029850107372901
148.4,ELS,3,197,0.2956640957791933,0.8118724149267196,1.1186827475650925
15.4,ELS,1,163,0.27816768614350584,0.8485575389066061,0.9962500357738259
15.6,ELS,1,184,0.3148020530836984,0.8238448314757544,1.079934894373944
150.3,ELS,3,149,0.32648031593023036,0.8453581841342807,0.9267671724599518
150.5,ELS,3,190,0.2493072940587932,0.7983424616380107,1.2027027243447725
152.3,Control,3,231,0.25829674274599274,0.7323569923165004,1.3307933175445157
152.5,Control,3,193,0.32160290548961207,0.7976104527411839,1.1618539923242237
153.4,ELS,3,136,0.3584665732402825,0.8679263842302509,0.8679867871434624
154.4,ELS,3,167,0.32609900842654865,0.8328122159873818,1.017055661127896
157.1,Control,3,205,0.28777324861512144,0.7863055012483224,1.150872516109892
157.4,Control,3,173,0.32642668155007454,0.8302390130856949,1.0449101225186215
158.5,Control,3,176,0.3084079142011834,0.8235886673032001,1.0490846766652644
159.3,ELS,3,133,0.301094072175358,0.8773839576123668,0.8520416909405779
159.4,ELS,3,147,0.29220799487020893,0.8257854294329345,0.9422384393333716
159.5,ELS,3,141,0.3352019843577057,0.8925600851840584,0.8735516881626679
161.1,Control,3,144,0.35030421312043336,0.847306412700199,0.8944383948843901
161.3,Control,3,161,0.3309481930026913,0.8488271814105818,0.9929097902755302
2.4,ELS,1,201,0.3073616913897563,0.7813692209835627,1.169736631749879
23.4,ELS,1,203,0.3205006513329695,0.7632721341416602,1.2483360102343037
25.1,ELS,1,175,0.3603721017005234,0.8397456586906875,1.0256107802500847
26.4,ELS,1,160,0.3276876101381277,0.843049156440706,0.9894640778731681
32.2,ELS,1,189,0.32808105162341744,0.8267244834207511,1.155024415370778
32.4,ELS,1,175,0.3650497798520349,0.8512896173248935,0.996433923767084
34.4,Control,1,190,0.32258406304417986,0.8328018530471919,1.1235028608152218
34.5,Control,1,223,0.2647005152604006,0.7537047790944048,1.2990885103582772
40.4,Control,1,237,0.29028188229853163,0.7613761544009242,1.3027446983780095
40.6,Control,1,232,0.27022670763926077,0.7574709226375488,1.296876619428363
41.4,Control,1,206,0.27405728861420425,0.7899188812550585,1.1770604951610695
41.5,Control,1,216,0.28403853595168665,0.7525303443339476,1.2554112682580527
41.6,Control,1,204,0.274316112595828,0.7896341659175549,1.203781680673568
43.3,ELS,1,247,0.24561836553908983,0.7345445845622217,1.4075491268852034
43.5,ELS,1,207,0.26927732289070844,0.7987567460186075,1.1726946359409653
47.5,Control,1,227,0.2745299160825043,0.7603108157369107,1.3062418452741027
49.5,ELS,1,204,0.3152503824077053,0.7968434922958387,1.1840399180985022
49.6,ELS,1,200,0.300448112307659,0.7917662775457863,1.1540503735963017
5.4,Control,1,171,0.3116716553287982,0.8212569186780261,1.0710512568414285
50.5,Control,1,189,0.2631827886622625,0.8115433523698855,1.138616380496778
53.5,Control,1,234,0.2501970282494358,0.7643588312546474,1.3165572670799859
54.3,Control,1,225,0.2639644711327954,0.7868492890545256,1.23250132919876
54.4,Control,1,155,0.34357899973446776,0.8387290142347795,0.969668707622742
54.6,Control,1,177,0.3296322074651496,0.8186315373358948,1.0906618059073985
55.3,ELS,1,251,0.2677919962557032,0.7412717942475215,1.3641268545127887
55.5,ELS,1,217,0.3148728331711955,0.8042072294924992,1.2020780174315768
56.3,ELS,1,201,0.2948719713893316,0.7763505949545052,1.241228639298227
58.5,Control,1,239,0.25977155102448524,0.743914971344657,1.3429490066444325
62.1,Control,1,233,0.2643693582534514,0.7382316585142228,1.417547173877721
62.2,Control,1,186,0.3377625096190085,0.7952854975140877,1.135355790452281
62.3,Control,1,221,0.2749629044903968,0.7692912125150002,1.2900751665418047
62.4,Control,1,226,0.25588315572560755,0.769153073964606,1.2465187271389269
62.5,Control,1,218,0.2786481365032427,0.7654720055004814,1.29940037835002
63.3,ELS,1,187,0.2968967676328902,0.8291684678138824,1.0973180436364782
68.1,Control,1,197,0.3128860826028612,0.7839713883445002,1.210568883163368
69.1,ELS,1,201,0.3245315555416066,0.8082283359181955,1.166627357299221
69.2,ELS,1,211,0.278536447471585,0.7735035652962488,1.2673013997679632
69.3,ELS,1,187,0.3517093372231444,0.8259661651264034,1.1100626972561758
69.5,ELS,1,197,0.3223480173175362,0.8168469291421786,1.160981790269589
73.1,ELS,1,162,0.3399072786639379,0.8564259165496767,0.9876093558229813
73.4,ELS,1,165,0.29857604460842707,0.845176012505691,1.0188964081305327
74.1,Control,1,167,0.33350042585277223,0.8348185218220491,1.0471364834856907
75.1,ELS,1,230,0.2625557008021089,0.756529735142343,1.3625368882673379
80.3,Control,1,146,0.3928089731206655,0.8712939242599554,0.899300538944191
88.2,ELS,1,197,0.29366952341726804,0.7904502321514342,1.239693430121952
88.3,ELS,1,203,0.34500033062223107,0.8164636728761143,1.1975584719812988
