frame,time_sec,pred
0,0.0,0
1,0.04,0
2,0.08,0
3,0.12,0
4,0.16,0
5,0.2,0
6,0.24,0
7,0.28,0
8,0.32,0
9,0.36,0
10,0.4,0
11,0.44,0
12,0.48,0
13,0.52,0
14,0.56,0
15,0.6,0
16,0.64,0
17,0.68,0
18,0.72,0
19,0.76,0
20,0.8,0
21,0.84,0
22,0.88,0
23,0.92,0
24,0.96,0
25,1.0,0
26,1.04,0
27,1.08,0
28,1.12,0
29,1.16,0
30,1.2,0
31,1.24,0
32,1.28,0
33,1.32,0
34,1.36,0
35,1.4,0
36,1.44,0
37,1.48,0
38,1.52,0
39,1.56,0
40,1.6,0
41,1.64,0
42,1.68,0
43,1.72,0
44,1.76,0
45,1.8,0
46,1.84,0
47,1.88,0
48,1.92,0
49,1.96,0
50,2.0,0
51,2.04,0
52,2.08,0
53,2.12,0
54,2.16,0
55,2.2,0
56,2.24,0
57,2.28,0
58,2.32,0
59,2.36,0
60,2.4,0
61,2.44,0
62,2.48,0
63,2.52,0
64,2.56,0
65,2.6,0
66,2.64,0
67,2.68,0
68,2.72,0
69,2.76,0
70,2.8,0
71,2.84,0
72,2.88,0
73,2.92,0
74,2.96,0
75,3.0,0
76,3.04,0
77,3.08,0
78,3.12,0
79,3.16,0
80,3.2,0
81,3.24,0
82,3.28,0
83,3.32,0
84,3.36,1
85,3.4,1
86,3.44,1
87,3.48,1
88,3.52,1
89,3.56,1
90,3.6,1
91,3.64,1
92,3.68,1
93,3.72,0
94,3.76,0
95,3.8,0
96,3.84,0
97,3.88,0
98,3.92,0
99,3.96,0
100,4.0,0
101,4.04,0
102,4.08,0
103,4.12,0
104,4.16,0
105,4.2,0
106,4.24,0
107,4.28,0
108,4.32,0
109,4.36,0
110,4.4,0
111,4.44,0
112,4.48,0
113,4.52,0
114,4.56,0
115,4.6,0
116,4.64,0
117,4.68,0
118,4.72,0
119,4.76,0
120,4.8,0
121,4.84,0
122,4.88,0
123,4.92,0
124,4.96,0
125,5.0,0
126,5.04,0
127,5.08,0
128,5.12,0
129,5.16,0
130,5.2,0
131,5.24,0
132,5.28,0
133,5.32,0
134,5.36,0
135,5.4,0
136,5.44,1
137,5.48,1
138,5.52,1
139,5.56,1
140,5.6,1
141,5.64,1
142,5.68,1
143,5.72,1
144,5.76,1
145,5.8,1
146,5.84,1
147,5.88,1
148,5.92,1
149,5.96,1
150,6.0,0
151,6.04,0
152,6.08,0
153,6.12,0
154,6.16,0
155,6.2,0
156,6.24,0
157,6.28,0
158,6.32,0
159,6.36,0
160,6.4,0
161,6.44,1
162,6.48,1
163,6.52,1
164,6.56,1
165,6.6,1
166,6.64,1
167,6.68,1
168,6.72,1
169,6.76,1
170,6.8,1
171,6.84,1
172,6.88,1
173,6.92,1
174,6.96,1
175,7.0,1
176,7.04,1
177,7.08,1
178,7.12,1
179,7.16,1
180,7.2,0
181,7.24,0
182,7.28,0
183,7.32,0
184,7.36,0
185,7.4,0
186,7.44,0
187,7.48,0
188,7.52,0
189,7.56,0
190,7.6,0
191,7.64,0
192,7.68,0
193,7.72,0
194,7.76,0
195,7.8,0
196,7.84,0
197,7.88,0
198,7.92,0
199,7.96,0
200,8.0,0
201,8.04,0
202,8.08,0
203,8.12,0
204,8.16,0
205,8.2,0
206,8.24,0
207,8.28,0
208,8.32,0
209,8.36,0
210,8.4,0
211,8.44,0
212,8.48,0
213,8.52,0
214,8.56,0
215,8.6,0
216,8.64,0
217,8.68,0
218,8.72,0
219,8.76,0
220,8.8,0
221,8.84,0
222,8.88,0
223,8.92,0
224,8.96,0
225,9.0,0
226,9.04,0
227,9.08,0
228,9.12,0
229,9.16,0
230,9.2,0
231,9.24,0
232,9.28,0
233,9.32,0
234,9.36,0
235,9.4,0
236,9.44,0
237,9.48,0
238,9.52,0
239,9.56,0
240,9.6,0
241,9.64,0
242,9.68,0
243,9.72,0
244,9.76,0
245,9.8,0
246,9.84,0
247,9.88,0
248,9.92,0
249,9.96,0
250,10.0,0
251,10.04,0
252,10.08,0
253,10.12,0
254,10.16,0
255,10.2,0
256,10.24,0
257,10.28,0
258,10.32,0
259,10.36,0
260,10.4,0
261,10.44,0
262,10.48,0
263,10.52,0
264,10.56,0
265,10.6,0
266,10.64,0
267,10.68,0
268,10.72,0
269,10.76,0
270,10.8,0
271,10.84,0
272,10.88,0
273,10.92,0
274,10.96,0
275,11.0,0
276,11.04,0
277,11.08,0
278,11.12,0
279,11.16,0
280,11.2,0
281,11.24,0
282,11.28,1
283,11.32,1
284,11.36,1
285,11.4,1
286,11.44,1
287,11.48,1
288,11.52,1
289,11.56,1
290,11.6,1
291,11.64,1
292,11.68,1
293,11.72,1
294,11.76,1
295,11.8,1
296,11.84,1
297,11.88,1
298,11.92,1
299,11.96,1
300,12.0,1
301,12.04,1
302,12.08,1
303,12.12,1
304,12.16,1
305,12.2,1
306,12.24,1
307,12.28,1
308,12.32,0
309,12.36,0
310,12.4,0
311,12.44,0
312,12.48,0
313,12.52,0
314,12.56,0
315,12.6,0
316,12.64,0
317,12.68,0
318,12.72,0
319,12.76,0
320,12.8,0
321,12.84,0
322,12.88,0
323,12.92,0
324,12.96,0
325,13.0,0
326,13.04,0
327,13.08,0
328,13.12,0
329,13.16,0
330,13.2,0
331,13.24,1
332,13.28,1
333,13.32,1
334,13.36,1
335,13.4,1
336,13.44,1
337,13.48,1
338,13.52,1
339,13.56,1
340,13.6,1
341,13.64,1
342,13.68,1
343,13.72,1
344,13.76,1
345,13.8,1
346,13.84,1
347,13.88,1
348,13.92,0
349,13.96,0
350,14.0,0
351,14.04,0
352,14.08,0
353,14.12,0
354,14.16,0
355,14.2,0
356,14.24,0
357,14.28,0
358,14.32,0
359,14.36,0
360,14.4,0
361,14.44,0
362,14.48,0
363,14.52,0
364,14.56,0
365,14.6,0
366,14.64,0
367,14.68,0
368,14.72,0
369,14.76,0
370,14.8,0
371,14.84,0
372,14.88,0
373,14.92,1
374,14.96,1
375,15.0,1
376,15.04,1
377,15.08,1
378,15.12,1
379,15.16,1
380,15.2,1
381,15.24,0
382,15.28,0
383,15.32,0
384,15.36,0
385,15.4,0
386,15.44,0
387,15.48,0
388,15.52,0
389,15.56,0
390,15.6,0
391,15.64,0
392,15.68,0
393,15.72,0
394,15.76,0
395,15.8,0
396,15.84,0
397,15.88,0
398,15.92,0
399,15.96,0
400,16.0,0
401,16.04,0
402,16.08,0
403,16.12,0
404,16.16,0
405,16.2,0
406,16.24,0
407,16.28,0
408,16.32,0
409,16.36,0
410,16.4,0
411,16.44,0
412,16.48,0
413,16.52,0
414,16.56,0
415,16.6,0
416,16.64,0
417,16.68,0
418,16.72,0
419,16.76,0
420,16.8,0
421,16.84,0
422,16.88,0
423,16.92,0
424,16.96,0
425,17.0,0
426,17.04,0
427,17.08,0
428,17.12,0
429,17.16,0
430,17.2,0
431,17.24,0
432,17.28,0
433,17.32,0
434,17.36,0
435,17.4,0
436,17.44,0
437,17.48,0
438,17.52,0
439,17.56,0
440,17.6,0
441,17.64,0
442,17.68,1
443,17.72,1
444,17.76,1
445,17.8,1
446,17.84,1
447,17.88,1
448,17.92,1
449,17.96,1
450,18.0,1
451,18.04,1
452,18.08,1
453,18.12,1
454,18.16,1
455,18.2,1
456,18.24,1
457,18.28,1
458,18.32,1
459,18.36,1
460,18.4,1
461,18.44,1
462,18.48,1
463,18.52,1
464,18.56,1
465,18.6,1
466,18.64,1
467,18.68,1
468,18.72,1
469,18.76,1
470,18.8,1
471,18.84,1
472,18.88,1
473,18.92,1
474,18.96,1
475,19.0,1
476,19.04,1
477,19.08,1
478,19.12,1
479,19.16,1
480,19.2,1
481,19.24,1
482,19.28,1
483,19.32,1
484,19.36,1
485,19.4,0
486,19.44,0
487,19.48,0
488,19.52,0
489,19.56,0
490,19.6,0
491,19.64,0
492,19.68,0
493,19.72,0
494,19.76,0
495,19.8,0
496,19.84,0
497,19.88,0
498,19.92,0
499,19.96,0
500,20.0,0
501,20.04,0
502,20.08,0
503,20.12,0
504,20.16,0
505,20.2,0
506,20.24,0
507,20.28,0
508,20.32,1
509,20.36,1
510,20.4,1
511,20.44,1
512,20.48,1
513,20.52,1
514,20.56,1
515,20.6,1
516,20.64,1
517,20.68,1
518,20.72,1
519,20.76,1
520,20.8,1
521,20.84,1
522,20.88,1
523,20.92,1
524,20.96,1
525,21.0,1
526,21.04,1
527,21.08,1
528,21.12,1
529,21.16,1
530,21.2,1
531,21.24,1
532,21.28,1
533,21.32,1
534,21.36,1
535,21.4,1
536,21.44,1
537,21.48,1
538,21.52,1
539,21.56,1
540,21.6,1
541,21.64,1
542,21.68,1
543,21.72,1
544,21.76,1
545,21.8,1
546,21.84,1
547,21.88,1
548,21.92,1
549,21.96,1
550,22.0,1
551,22.04,1
552,22.08,0
553,22.12,0
554,22.16,0
555,22.2,0
556,22.24,0
557,22.28,0
558,22.32,0
559,22.36,0
560,22.4,0
561,22.44,0
562,22.48,0
563,22.52,0
564,22.56,0
565,22.6,0
566,22.64,0
567,22.68,0
568,22.72,0
569,22.76,0
570,22.8,0
571,22.84,0
572,22.88,0
573,22.92,0
574,22.96,0
575,23.0,0
576,23.04,0
577,23.08,0
578,23.12,0
579,23.16,0
580,23.2,0
581,23.24,0
582,23.28,0
583,23.32,0
584,23.36,0
585,23.4,0
586,23.44,0
587,23.48,0
588,23.52,0
589,23.56,0
590,23.6,0
591,23.64,1
592,23.68,1
593,23.72,1
594,23.76,1
595,23.8,1
596,23.84,1
597,23.88,1
598,23.92,1
599,23.96,1
600,24.0,1
601,24.04,1
602,24.08,1
603,24.12,1
604,24.16,1
605,24.2,1
606,24.24,1
607,24.28,1
608,24.32,1
609,24.36,1
610,24.4,1
611,24.44,1
612,24.48,1
613,24.52,1
614,24.56,1
615,24.6,1
616,24.64,1
617,24.68,1
618,24.72,1
619,24.76,1
620,24.8,1
621,24.84,1
622,24.88,1
623,24.92,1
624,24.96,1
625,25.0,1
626,25.04,1
627,25.08,1
628,25.12,1
629,25.16,1
630,25.2,1
631,25.24,1
632,25.28,1
633,25.32,1
634,25.36,1
635,25.4,1
636,25.44,1
637,25.48,1
638,25.52,1
639,25.56,1
640,25.6,1
641,25.64,1
642,25.68,1
643,25.72,1
644,25.76,1
645,25.8,1
646,25.84,1
647,25.88,1
648,25.92,1
649,25.96,0
650,26.0,0
651,26.04,0
652,26.08,0
653,26.12,0
654,26.16,0
655,26.2,0
656,26.24,0
657,26.28,0
658,26.32,0
659,26.36,0
660,26.4,0
661,26.44,0
662,26.48,0
663,26.52,0
664,26.56,0
665,26.6,0
666,26.64,0
667,26.68,0
668,26.72,0
669,26.76,1
670,26.8,1
671,26.84,1
672,26.88,1
673,26.92,1
674,26.96,1
675,27.0,1
676,27.04,1
677,27.08,1
678,27.12,1
679,27.16,1
680,27.2,1
681,27.24,1
682,27.28,1
683,27.32,1
684,27.36,1
685,27.4,1
686,27.44,1
687,27.48,1
688,27.52,1
689,27.56,1
690,27.6,1
691,27.64,1
692,27.68,1
693,27.72,1
694,27.76,1
695,27.8,1
696,27.84,1
697,27.88,1
698,27.92,1
699,27.96,1
700,28.0,1
701,28.04,1
702,28.08,1
703,28.12,1
704,28.16,1
705,28.2,1
706,28.24,1
707,28.28,1
708,28.32,1
709,28.36,1
710,28.4,1
711,28.44,1
712,28.48,1
713,28.52,1
714,28.56,1
715,28.6,1
716,28.64,1
717,28.68,1
718,28.72,1
719,28.76,0
720,28.8,0
721,28.84,0
722,28.88,0
723,28.92,0
724,28.96,0
725,29.0,0
726,29.04,0
727,29.08,0
728,29.12,0
729,29.16,0
730,29.2,0
731,29.24,0
732,29.28,0
733,29.32,0
734,29.36,0
735,29.4,0
736,29.44,0
737,29.48,0
738,29.52,0
739,29.56,1
740,29.6,1
741,29.64,1
742,29.68,1
743,29.72,1
744,29.76,1
745,29.8,1
746,29.84,1
747,29.88,1
748,29.92,1
749,29.96,1
750,30.0,1
751,30.04,1
752,30.08,1
753,30.12,1
754,30.16,1
755,30.2,1
756,30.24,1
757,30.28,1
758,30.32,1
759,30.36,1
760,30.4,1
761,30.44,1
762,30.48,1
763,30.52,1
764,30.56,1
765,30.6,1
766,30.64,1
767,30.68,1
768,30.72,1
769,30.76,1
770,30.8,1
771,30.84,1
772,30.88,1
773,30.92,1
774,30.96,1
775,31.0,1
776,31.04,1
777,31.08,1
778,31.12,1
779,31.16,1
780,31.2,1
781,31.24,1
782,31.28,1
783,31.32,1
784,31.36,1
785,31.4,1
786,31.44,1
787,31.48,1
788,31.52,1
789,31.56,1
790,31.6,1
791,31.64,1
792,31.68,1
793,31.72,1
794,31.76,1
795,31.8,1
796,31.84,1
797,31.88,1
798,31.92,1
799,31.96,1
800,32.0,1
801,32.04,1
802,32.08,1
803,32.12,1
804,32.16,1
805,32.2,1
806,32.24,1
807,32.28,1
808,32.32,1
809,32.36,1
810,32.4,1
811,32.44,1
812,32.48,1
813,32.52,1
814,32.56,1
815,32.6,1
816,32.64,1
817,32.68,1
818,32.72,1
819,32.76,1
820,32.8,1
821,32.84,1
822,32.88,1
823,32.92,1
824,32.96,1
825,33.0,1
826,33.04,0
827,33.08,0
828,33.12,0
829,33.16,0
830,33.2,0
831,33.24,0
832,33.28,0
833,33.32,0
834,33.36,0
835,33.4,0
836,33.44,0
837,33.48,0
838,33.52,1
839,33.56,1
840,33.6,1
841,33.64,1
842,33.68,1
843,33.72,1
844,33.76,1
845,33.8,1
846,33.84,1
847,33.88,1
848,33.92,1
849,33.96,1
850,34.0,1
851,34.04,1
852,34.08,1
853,34.12,1
854,34.16,1
855,34.2,1
856,34.24,1
857,34.28,1
858,34.32,1
859,34.36,1
860,34.4,1
861,34.44,1
862,34.48,1
863,34.52,1
864,34.56,1
865,34.6,1
866,34.64,1
867,34.68,1
868,34.72,1
869,34.76,1
870,34.8,1
871,34.84,1
872,34.88,1
873,34.92,1
874,34.96,1
875,35.0,1
876,35.04,1
877,35.08,1
878,35.12,1
879,35.16,1
880,35.2,1
881,35.24,1
882,35.28,1
883,35.32,1
884,35.36,1
885,35.4,1
886,35.44,1
887,35.48,1
888,35.52,1
889,35.56,1
890,35.6,1
891,35.64,1
892,35.68,0
893,35.72,0
894,35.76,0
895,35.8,0
896,35.84,0
897,35.88,0
898,35.92,0
899,35.96,0
900,36.0,0
901,36.04,0
902,36.08,0
903,36.12,0
904,36.16,1
905,36.2,1
906,36.24,1
907,36.28,1
908,36.32,1
909,36.36,1
910,36.4,1
911,36.44,1
912,36.48,1
913,36.52,1
914,36.56,1
915,36.6,1
916,36.64,1
917,36.68,1
918,36.72,1
919,36.76,1
920,36.8,1
921,36.84,1
922,36.88,1
923,36.92,1
924,36.96,1
925,37.0,1
926,37.04,1
927,37.08,1
928,37.12,1
929,37.16,1
930,37.2,1
931,37.24,1
932,37.28,1
933,37.32,1
934,37.36,1
935,37.4,1
936,37.44,1
937,37.48,1
938,37.52,1
939,37.56,1
940,37.6,1
941,37.64,1
942,37.68,1
943,37.72,1
944,37.76,1
945,37.8,1
946,37.84,1
947,37.88,1
948,37.92,1
949,37.96,1
950,38.0,1
951,38.04,1
952,38.08,1
953,38.12,1
954,38.16,1
955,38.2,1
956,38.24,1
957,38.28,1
958,38.32,1
959,38.36,1
960,38.4,1
961,38.44,1
962,38.48,1
963,38.52,1
964,38.56,1
965,38.6,1
966,38.64,1
967,38.68,1
968,38.72,1
969,38.76,1
970,38.8,1
971,38.84,1
972,38.88,1
973,38.92,1
974,38.96,1
975,39.0,1
976,39.04,1
977,39.08,1
978,39.12,1
979,39.16,1
980,39.2,1
981,39.24,1
982,39.28,1
983,39.32,1
984,39.36,1
985,39.4,1
986,39.44,1
987,39.48,1
988,39.52,1
989,39.56,1
990,39.6,1
991,39.64,1
992,39.68,1
993,39.72,1
994,39.76,1
995,39.8,1
996,39.84,1
997,39.88,1
998,39.92,1
999,39.96,1
1000,40.0,1
1001,40.04,1
1002,40.08,1
1003,40.12,0
1004,40.16,0
1005,40.2,0
1006,40.24,0
1007,40.28,0
1008,40.32,0
1009,40.36,0
1010,40.4,0
1011,40.44,0
1012,40.48,0
1013,40.52,0
1014,40.56,0
1015,40.6,0
1016,40.64,0
1017,40.68,0
1018,40.72,0
1019,40.76,0
1020,40.8,0
1021,40.84,1
1022,40.88,1
1023,40.92,1
1024,40.96,1
1025,41.0,1
1026,41.04,1
1027,41.08,1
1028,41.12,1
1029,41.16,1
1030,41.2,1
1031,41.24,1
1032,41.28,0
1033,41.32,0
1034,41.36,0
1035,41.4,0
1036,41.44,0
1037,41.48,0
1038,41.52,0
1039,41.56,0
1040,41.6,0
1041,41.64,0
1042,41.68,0
1043,41.72,0
1044,41.76,0
1045,41.8,0
1046,41.84,1
1047,41.88,1
1048,41.92,1
1049,41.96,1
1050,42.0,1
1051,42.04,1
1052,42.08,1
1053,42.12,1
1054,42.16,1
1055,42.2,1
1056,42.24,1
1057,42.28,1
1058,42.32,1
1059,42.36,1
1060,42.4,1
1061,42.44,1
1062,42.48,1
1063,42.52,1
1064,42.56,1
1065,42.6,1
1066,42.64,1
1067,42.68,1
1068,42.72,1
1069,42.76,1
1070,42.8,1
1071,42.84,1
1072,42.88,1
1073,42.92,1
1074,42.96,1
1075,43.0,1
1076,43.04,1
1077,43.08,1
1078,43.12,1
1079,43.16,1
1080,43.2,1
1081,43.24,1
1082,43.28,1
1083,43.32,1
1084,43.36,1
1085,43.4,1
1086,43.44,1
1087,43.48,1
1088,43.52,1
1089,43.56,1
1090,43.6,1
1091,43.64,1
1092,43.68,1
1093,43.72,1
1094,43.76,1
1095,43.8,1
1096,43.84,1
1097,43.88,1
1098,43.92,1
1099,43.96,1
1100,44.0,1
1101,44.04,0
1102,44.08,0
1103,44.12,0
1104,44.16,0
1105,44.2,0
1106,44.24,0
1107,44.28,0
1108,44.32,0
1109,44.36,0
1110,44.4,0
1111,44.44,0
1112,44.48,1
1113,44.52,1
1114,44.56,1
1115,44.6,1
1116,44.64,1
1117,44.68,1
1118,44.72,1
1119,44.76,1
1120,44.8,1
1121,44.84,1
1122,44.88,1
1123,44.92,1
1124,44.96,1
1125,45.0,1
1126,45.04,1
1127,45.08,1
1128,45.12,1
1129,45.16,1
1130,45.2,1
1131,45.24,1
1132,45.28,1
1133,45.32,1
1134,45.36,1
1135,45.4,1
1136,45.44,1
1137,45.48,1
1138,45.52,1
1139,45.56,1
1140,45.6,1
1141,45.64,1
1142,45.68,1
1143,45.72,1
1144,45.76,1
1145,45.8,1
1146,45.84,1
1147,45.88,1
1148,45.92,1
1149,45.96,1
1150,46.0,1
1151,46.04,1
1152,46.08,1
1153,46.12,1
1154,46.16,1
1155,46.2,1
1156,46.24,1
1157,46.28,1
1158,46.32,1
1159,46.36,1
1160,46.4,1
1161,46.44,1
1162,46.48,1
1163,46.52,1
1164,46.56,1
1165,46.6,1
1166,46.64,1
1167,46.68,1
1168,46.72,1
1169,46.76,1
1170,46.8,1
1171,46.84,1
1172,46.88,1
1173,46.92,1
1174,46.96,1
1175,47.0,1
1176,47.04,1
1177,47.08,0
1178,47.12,0
1179,47.16,0
1180,47.2,0
1181,47.24,0
1182,47.28,0
1183,47.32,0
1184,47.36,0
1185,47.4,0
1186,47.44,0
1187,47.48,0
1188,47.52,0
1189,47.56,0
1190,47.6,1
1191,47.64,1
1192,47.68,1
1193,47.72,1
1194,47.76,1
1195,47.8,1
1196,47.84,1
1197,47.88,1
1198,47.92,1
1199,47.96,1
1200,48.0,1
1201,48.04,1
1202,48.08,1
1203,48.12,1
1204,48.16,1
1205,48.2,1
1206,48.24,1
1207,48.28,1
1208,48.32,1
1209,48.36,1
1210,48.4,1
1211,48.44,1
1212,48.48,1
1213,48.52,1
1214,48.56,1
1215,48.6,1
1216,48.64,1
1217,48.68,1
1218,48.72,1
1219,48.76,1
1220,48.8,1
1221,48.84,1
1222,48.88,1
1223,48.92,1
1224,48.96,1
1225,49.0,1
1226,49.04,1
1227,49.08,1
1228,49.12,1
1229,49.16,1
1230,49.2,1
1231,49.24,1
1232,49.28,1
1233,49.32,1
1234,49.36,1
1235,49.4,1
1236,49.44,1
1237,49.48,1
1238,49.52,1
1239,49.56,1
1240,49.6,1
1241,49.64,1
1242,49.68,1
1243,49.72,1
1244,49.76,1
1245,49.8,1
1246,49.84,1
1247,49.88,1
1248,49.92,1
1249,49.96,1
1250,50.0,1
1251,50.04,1
1252,50.08,1
1253,50.12,1
1254,50.16,1
1255,50.2,1
1256,50.24,1
1257,50.28,1
1258,50.32,1
1259,50.36,1
1260,50.4,1
1261,50.44,1
1262,50.48,1
1263,50.52,1
1264,50.56,1
1265,50.6,1
1266,50.64,1
1267,50.68,1
1268,50.72,1
1269,50.76,1
1270,50.8,1
1271,50.84,1
1272,50.88,1
1273,50.92,1
1274,50.96,1
1275,51.0,1
1276,51.04,1
1277,51.08,1
1278,51.12,1
1279,51.16,1
1280,51.2,1
1281,51.24,1
1282,51.28,1
1283,51.32,1
1284,51.36,1
1285,51.4,1
1286,51.44,1
1287,51.48,1
1288,51.52,1
1289,51.56,1
1290,51.6,1
1291,51.64,1
1292,51.68,1
1293,51.72,1
1294,51.76,1
1295,51.8,1
1296,51.84,1
1297,51.88,1
1298,51.92,1
1299,51.96,0
1300,52.0,0
1301,52.04,0
1302,52.08,0
1303,52.12,0
1304,52.16,0
1305,52.2,0
1306,52.24,0
1307,52.28,0
1308,52.32,1
1309,52.36,1
1310,52.4,1
1311,52.44,1
1312,52.48,1
1313,52.52,1
1314,52.56,1
1315,52.6,1
1316,52.64,1
1317,52.68,1
1318,52.72,1
1319,52.76,1
1320,52.8,1
1321,52.84,1
1322,52.88,1
1323,52.92,1
1324,52.96,1
1325,53.0,1
1326,53.04,1
1327,53.08,1
1328,53.12,1
1329,53.16,1
1330,53.2,1
1331,53.24,1
1332,53.28,1
1333,53.32,1
1334,53.36,1
1335,53.4,1
1336,53.44,1
1337,53.48,1
1338,53.52,1
1339,53.56,1
1340,53.6,1
1341,53.64,1
1342,53.68,1
1343,53.72,1
1344,53.76,1
1345,53.8,1
1346,53.84,1
1347,53.88,1
1348,53.92,1
1349,53.96,1
1350,54.0,1
1351,54.04,1
1352,54.08,1
1353,54.12,1
1354,54.16,1
1355,54.2,1
1356,54.24,1
1357,54.28,1
1358,54.32,1
1359,54.36,1
1360,54.4,1
1361,54.44,1
1362,54.48,1
1363,54.52,1
1364,54.56,1
1365,54.6,1
1366,54.64,1
1367,54.68,1
1368,54.72,1
1369,54.76,1
1370,54.8,1
1371,54.84,1
1372,54.88,1
1373,54.92,1
1374,54.96,1
1375,55.0,1
1376,55.04,1
1377,55.08,1
1378,55.12,1
1379,55.16,1
1380,55.2,1
1381,55.24,1
1382,55.28,1
1383,55.32,1
1384,55.36,1
1385,55.4,1
1386,55.44,1
1387,55.48,1
1388,55.52,1
1389,55.56,1
1390,55.6,1
1391,55.64,1
1392,55.68,1
1393,55.72,1
1394,55.76,1
1395,55.8,1
1396,55.84,1
1397,55.88,1
1398,55.92,1
1399,55.96,1
1400,56.0,1
1401,56.04,1
1402,56.08,1
1403,56.12,1
1404,56.16,1
1405,56.2,1
1406,56.24,1
1407,56.28,1
1408,56.32,1
1409,56.36,1
1410,56.4,1
1411,56.44,1
1412,56.48,1
1413,56.52,1
1414,56.56,1
1415,56.6,1
1416,56.64,1
1417,56.68,1
1418,56.72,1
1419,56.76,1
1420,56.8,1
1421,56.84,1
1422,56.88,1
1423,56.92,1
1424,56.96,1
1425,57.0,1
1426,57.04,1
1427,57.08,1
1428,57.12,1
1429,57.16,1
1430,57.2,1
1431,57.24,1
1432,57.28,1
1433,57.32,1
1434,57.36,1
1435,57.4,1
1436,57.44,1
1437,57.48,1
1438,57.52,1
1439,57.56,1
1440,57.6,1
1441,57.64,1
1442,57.68,1
1443,57.72,1
1444,57.76,1
1445,57.8,1
1446,57.84,1
1447,57.88,1
1448,57.92,1
1449,57.96,1
1450,58.0,1
1451,58.04,1
1452,58.08,1
1453,58.12,1
1454,58.16,1
1455,58.2,1
1456,58.24,1
1457,58.28,1
1458,58.32,1
1459,58.36,1
1460,58.4,1
1461,58.44,1
1462,58.48,1
1463,58.52,1
1464,58.56,1
1465,58.6,1
1466,58.64,1
1467,58.68,1
1468,58.72,1
1469,58.76,1
1470,58.8,1
1471,58.84,1
1472,58.88,1
1473,58.92,1
1474,58.96,1
1475,59.0,1
1476,59.04,1
1477,59.08,1
1478,59.12,1
1479,59.16,1
1480,59.2,1
1481,59.24,1
1482,59.28,1
1483,59.32,1
1484,59.36,1
1485,59.4,1
1486,59.44,1
1487,59.48,1
1488,59.52,1
1489,59.56,1
1490,59.6,1
1491,59.64,1
1492,59.68,1
1493,59.72,1
1494,59.76,1
1495,59.8,1
1496,59.84,1
1497,59.88,1
1498,59.92,1
1499,59.96,1
1500,60.0,1
1501,60.04,1
1502,60.08,1
1503,60.12,1
1504,60.16,1
1505,60.2,1
1506,60.24,1
1507,60.28,1
1508,60.32,1
1509,60.36,1
1510,60.4,1
1511,60.44,1
1512,60.48,1
1513,60.52,1
1514,60.56,1
1515,60.6,1
1516,60.64,1
1517,60.68,1
1518,60.72,1
1519,60.76,1
1520,60.8,1
1521,60.84,1
1522,60.88,1
1523,60.92,1
1524,60.96,1
1525,61.0,1
1526,61.04,1
1527,61.08,1
1528,61.12,1
1529,61.16,1
1530,61.2,1
1531,61.24,1
1532,61.28,1
1533,61.32,1
1534,61.36,1
1535,61.4,1
1536,61.44,1
1537,61.48,1
1538,61.52,1
1539,61.56,1
1540,61.6,1
1541,61.64,1
1542,61.68,1
1543,61.72,1
1544,61.76,1
1545,61.8,1
1546,61.84,1
1547,61.88,1
1548,61.92,1
1549,61.96,1
1550,62.0,1
1551,62.04,1
1552,62.08,1
1553,62.12,1
1554,62.16,1
1555,62.2,1
1556,62.24,1
1557,62.28,1
1558,62.32,1
1559,62.36,1
1560,62.4,1
1561,62.44,1
1562,62.48,1
1563,62.52,1
1564,62.56,1
1565,62.6,1
1566,62.64,1
1567,62.68,1
1568,62.72,1
1569,62.76,1
1570,62.8,1
1571,62.84,1
1572,62.88,1
1573,62.92,1
1574,62.96,1
1575,63.0,1
1576,63.04,1
1577,63.08,1
1578,63.12,1
1579,63.16,1
1580,63.2,1
1581,63.24,1
1582,63.28,1
1583,63.32,1
1584,63.36,1
1585,63.4,1
1586,63.44,1
1587,63.48,1
1588,63.52,1
1589,63.56,1
1590,63.6,1
1591,63.64,1
1592,63.68,1
1593,63.72,1
1594,63.76,1
1595,63.8,1
1596,63.84,1
1597,63.88,1
1598,63.92,1
1599,63.96,1
1600,64.0,1
1601,64.04,1
1602,64.08,1
1603,64.12,1
1604,64.16,1
1605,64.2,1
1606,64.24,1
1607,64.28,1
1608,64.32,1
1609,64.36,1
1610,64.4,1
1611,64.44,1
1612,64.48,1
1613,64.52,1
1614,64.56,1
1615,64.6,1
1616,64.64,1
1617,64.68,1
1618,64.72,1
1619,64.76,1
1620,64.8,1
1621,64.84,1
1622,64.88,1
1623,64.92,1
1624,64.96,1
1625,65.0,1
1626,65.04,1
1627,65.08,1
1628,65.12,1
1629,65.16,1
1630,65.2,1
1631,65.24,1
1632,65.28,1
1633,65.32,1
1634,65.36,1
1635,65.4,0
1636,65.44,0
1637,65.48,0
1638,65.52,0
1639,65.56,0
1640,65.6,0
1641,65.64,0
1642,65.68,0
1643,65.72,0
1644,65.76,0
1645,65.8,0
1646,65.84,0
1647,65.88,0
1648,65.92,0
1649,65.96,0
1650,66.0,0
1651,66.04,1
1652,66.08,1
1653,66.12,1
1654,66.16,1
1655,66.2,1
1656,66.24,1
1657,66.28,1
1658,66.32,1
1659,66.36,1
1660,66.4,1
1661,66.44,1
1662,66.48,1
1663,66.52,1
1664,66.56,1
1665,66.6,1
1666,66.64,1
1667,66.68,1
1668,66.72,1
1669,66.76,1
1670,66.8,1
1671,66.84,1
1672,66.88,1
1673,66.92,1
1674,66.96,1
1675,67.0,1
1676,67.04,1
1677,67.08,1
1678,67.12,1
1679,67.16,1
1680,67.2,1
1681,67.24,1
1682,67.28,1
1683,67.32,1
1684,67.36,1
1685,67.4,1
1686,67.44,1
1687,67.48,1
1688,67.52,1
1689,67.56,1
1690,67.6,1
1691,67.64,1
1692,67.68,1
1693,67.72,1
1694,67.76,1
1695,67.8,1
1696,67.84,1
1697,67.88,1
1698,67.92,1
1699,67.96,1
1700,68.0,1
1701,68.04,1
1702,68.08,1
1703,68.12,1
1704,68.16,1
1705,68.2,1
1706,68.24,1
1707,68.28,1
1708,68.32,1
1709,68.36,1
1710,68.4,1
1711,68.44,1
1712,68.48,1
1713,68.52,1
1714,68.56,1
1715,68.6,1
1716,68.64,1
1717,68.68,1
1718,68.72,0
1719,68.76,0
1720,68.8,0
1721,68.84,0
1722,68.88,0
1723,68.92,0
1724,68.96,0
1725,69.0,0
1726,69.04,1
1727,69.08,1
1728,69.12,1
1729,69.16,1
1730,69.2,1
1731,69.24,1
1732,69.28,1
1733,69.32,1
1734,69.36,1
1735,69.4,1
1736,69.44,1
1737,69.48,1
1738,69.52,1
1739,69.56,1
1740,69.6,1
1741,69.64,1
1742,69.68,1
1743,69.72,1
1744,69.76,1
1745,69.8,1
1746,69.84,1
1747,69.88,1
1748,69.92,1
1749,69.96,1
1750,70.0,1
1751,70.04,1
1752,70.08,1
1753,70.12,1
1754,70.16,1
1755,70.2,1
1756,70.24,1
1757,70.28,1
1758,70.32,1
1759,70.36,1
1760,70.4,1
1761,70.44,1
1762,70.48,1
1763,70.52,1
1764,70.56,1
1765,70.6,1
1766,70.64,1
1767,70.68,1
1768,70.72,1
1769,70.76,1
1770,70.8,1
1771,70.84,1
1772,70.88,1
1773,70.92,1
1774,70.96,1
1775,71.0,1
1776,71.04,1
1777,71.08,1
1778,71.12,1
1779,71.16,1
1780,71.2,1
1781,71.24,1
1782,71.28,1
1783,71.32,1
1784,71.36,1
1785,71.4,1
1786,71.44,1
1787,71.48,1
1788,71.52,1
1789,71.56,1
1790,71.6,1
1791,71.64,1
1792,71.68,1
1793,71.72,1
1794,71.76,1
1795,71.8,1
1796,71.84,1
1797,71.88,1
1798,71.92,1
1799,71.96,1
1800,72.0,1
1801,72.04,1
1802,72.08,1
1803,72.12,1
1804,72.16,1
1805,72.2,1
1806,72.24,1
1807,72.28,1
1808,72.32,1
1809,72.36,1
1810,72.4,1
1811,72.44,1
1812,72.48,1
1813,72.52,1
1814,72.56,1
1815,72.6,1
1816,72.64,1
1817,72.68,1
1818,72.72,1
1819,72.76,1
1820,72.8,0
1821,72.84,0
1822,72.88,0
1823,72.92,0
1824,72.96,0
1825,73.0,0
1826,73.04,0
1827,73.08,0
1828,73.12,1
1829,73.16,1
1830,73.2,1
1831,73.24,1
1832,73.28,1
1833,73.32,1
1834,73.36,1
1835,73.4,1
1836,73.44,1
1837,73.48,1
1838,73.52,1
1839,73.56,1
1840,73.6,1
1841,73.64,1
1842,73.68,1
1843,73.72,1
1844,73.76,1
1845,73.8,1
1846,73.84,1
1847,73.88,1
1848,73.92,1
1849,73.96,1
1850,74.0,1
1851,74.04,1
1852,74.08,1
1853,74.12,1
1854,74.16,1
1855,74.2,1
1856,74.24,1
1857,74.28,1
1858,74.32,1
1859,74.36,1
1860,74.4,1
1861,74.44,1
1862,74.48,1
1863,74.52,1
1864,74.56,1
1865,74.6,1
1866,74.64,1
1867,74.68,1
1868,74.72,1
1869,74.76,1
1870,74.8,1
1871,74.84,1
1872,74.88,1
1873,74.92,1
1874,74.96,1
1875,75.0,1
1876,75.04,1
1877,75.08,1
1878,75.12,1
1879,75.16,1
1880,75.2,1
1881,75.24,1
1882,75.28,1
1883,75.32,1
1884,75.36,1
1885,75.4,1
1886,75.44,1
1887,75.48,1
1888,75.52,1
1889,75.56,1
1890,75.6,1
1891,75.64,1
1892,75.68,1
1893,75.72,1
1894,75.76,1
1895,75.8,1
1896,75.84,1
1897,75.88,1
1898,75.92,1
1899,75.96,1
1900,76.0,1
1901,76.04,1
1902,76.08,1
1903,76.12,1
1904,76.16,1
1905,76.2,1
1906,76.24,1
1907,76.28,1
1908,76.32,1
1909,76.36,1
1910,76.4,1
1911,76.44,1
1912,76.48,1
1913,76.52,1
1914,76.56,1
1915,76.6,1
1916,76.64,1
1917,76.68,1
1918,76.72,1
1919,76.76,1
1920,76.8,1
1921,76.84,1
1922,76.88,1
1923,76.92,1
1924,76.96,1
1925,77.0,1
1926,77.04,1
1927,77.08,1
1928,77.12,1
1929,77.16,1
1930,77.2,1
1931,77.24,1
1932,77.28,1
1933,77.32,1
1934,77.36,1
1935,77.4,1
1936,77.44,1
1937,77.48,1
1938,77.52,1
1939,77.56,1
1940,77.6,1
1941,77.64,1
1942,77.68,1
1943,77.72,1
1944,77.76,1
1945,77.8,1
1946,77.84,1
1947,77.88,1
1948,77.92,1
1949,77.96,1
1950,78.0,1
1951,78.04,1
1952,78.08,1
1953,78.12,1
1954,78.16,1
1955,78.2,1
1956,78.24,1
1957,78.28,1
1958,78.32,1
1959,78.36,1
1960,78.4,1
1961,78.44,1
1962,78.48,1
1963,78.52,1
1964,78.56,1
1965,78.6,1
1966,78.64,1
1967,78.68,1
1968,78.72,1
1969,78.76,1
1970,78.8,1
1971,78.84,1
1972,78.88,1
1973,78.92,1
1974,78.96,1
1975,79.0,1
1976,79.04,1
1977,79.08,1
1978,79.12,1
1979,79.16,1
1980,79.2,1
1981,79.24,1
1982,79.28,1
1983,79.32,1
1984,79.36,1
1985,79.4,1
1986,79.44,1
1987,79.48,1
1988,79.52,1
1989,79.56,1
1990,79.6,1
1991,79.64,1
1992,79.68,1
1993,79.72,1
1994,79.76,1
1995,79.8,1
1996,79.84,1
1997,79.88,1
1998,79.92,1
1999,79.96,1
2000,80.0,1
2001,80.04,1
2002,80.08,1
2003,80.12,1
2004,80.16,1
2005,80.2,1
2006,80.24,1
2007,80.28,1
2008,80.32,1
2009,80.36,1
2010,80.4,1
2011,80.44,1
2012,80.48,1
2013,80.52,1
2014,80.56,1
2015,80.6,1
2016,80.64,1
2017,80.68,1
2018,80.72,1
2019,80.76,1
2020,80.8,1
2021,80.84,1
2022,80.88,1
2023,80.92,1
2024,80.96,1
2025,81.0,1
2026,81.04,1
2027,81.08,1
2028,81.12,1
2029,81.16,1
2030,81.2,1
2031,81.24,1
2032,81.28,1
2033,81.32,1
2034,81.36,1
2035,81.4,1
2036,81.44,1
2037,81.48,1
2038,81.52,1
2039,81.56,1
2040,81.6,1
2041,81.64,1
2042,81.68,1
2043,81.72,1
2044,81.76,1
2045,81.8,1
2046,81.84,1
2047,81.88,1
2048,81.92,1
2049,81.96,1
2050,82.0,1
2051,82.04,1
2052,82.08,1
2053,82.12,1
2054,82.16,1
2055,82.2,1
2056,82.24,1
2057,82.28,1
2058,82.32,1
2059,82.36,1
2060,82.4,1
2061,82.44,1
2062,82.48,1
2063,82.52,1
2064,82.56,1
2065,82.6,1
2066,82.64,1
2067,82.68,1
2068,82.72,1
2069,82.76,1
2070,82.8,1
2071,82.84,1
2072,82.88,1
2073,82.92,1
2074,82.96,1
2075,83.0,1
2076,83.04,1
2077,83.08,1
2078,83.12,1
2079,83.16,1
2080,83.2,1
2081,83.24,1
2082,83.28,1
2083,83.32,1
2084,83.36,1
2085,83.4,1
2086,83.44,1
2087,83.48,1
2088,83.52,1
2089,83.56,1
2090,83.6,1
2091,83.64,1
2092,83.68,1
2093,83.72,1
2094,83.76,1
2095,83.8,1
2096,83.84,1
2097,83.88,1
2098,83.92,1
2099,83.96,1
2100,84.0,1
2101,84.04,1
2102,84.08,1
2103,84.12,1
2104,84.16,1
2105,84.2,1
2106,84.24,1
2107,84.28,1
2108,84.32,1
2109,84.36,1
2110,84.4,1
2111,84.44,1
2112,84.48,1
2113,84.52,1
2114,84.56,1
2115,84.6,1
2116,84.64,1
2117,84.68,1
2118,84.72,1
2119,84.76,1
2120,84.8,1
2121,84.84,1
2122,84.88,1
2123,84.92,1
2124,84.96,1
2125,85.0,1
2126,85.04,1
2127,85.08,1
2128,85.12,1
2129,85.16,1
2130,85.2,1
2131,85.24,1
2132,85.28,1
2133,85.32,1
2134,85.36,1
2135,85.4,1
2136,85.44,1
2137,85.48,1
2138,85.52,1
2139,85.56,1
2140,85.6,1
2141,85.64,1
2142,85.68,1
2143,85.72,1
2144,85.76,1
2145,85.8,1
2146,85.84,1
2147,85.88,1
2148,85.92,1
2149,85.96,1
2150,86.0,1
2151,86.04,1
2152,86.08,1
2153,86.12,1
2154,86.16,1
2155,86.2,1
2156,86.24,1
2157,86.28,1
2158,86.32,1
2159,86.36,1
2160,86.4,1
2161,86.44,1
2162,86.48,1
2163,86.52,1
2164,86.56,1
2165,86.6,1
2166,86.64,1
2167,86.68,1
2168,86.72,1
2169,86.76,1
2170,86.8,1
2171,86.84,1
2172,86.88,1
2173,86.92,1
2174,86.96,1
2175,87.0,1
2176,87.04,1
2177,87.08,1
2178,87.12,1
2179,87.16,1
2180,87.2,1
2181,87.24,1
2182,87.28,1
2183,87.32,1
2184,87.36,1
2185,87.4,1
2186,87.44,1
2187,87.48,1
2188,87.52,1
2189,87.56,1
2190,87.6,1
2191,87.64,1
2192,87.68,1
2193,87.72,1
2194,87.76,1
2195,87.8,1
2196,87.84,1
2197,87.88,1
2198,87.92,1
2199,87.96,1
2200,88.0,1
2201,88.04,1
2202,88.08,1
2203,88.12,1
2204,88.16,1
2205,88.2,1
2206,88.24,1
2207,88.28,1
2208,88.32,1
2209,88.36,1
2210,88.4,1
2211,88.44,1
2212,88.48,1
2213,88.52,1
2214,88.56,1
2215,88.6,1
2216,88.64,1
2217,88.68,1
2218,88.72,1
2219,88.76,1
2220,88.8,1
2221,88.84,1
2222,88.88,1
2223,88.92,1
2224,88.96,1
2225,89.0,1
2226,89.04,1
2227,89.08,1
2228,89.12,1
2229,89.16,1
2230,89.2,1
2231,89.24,1
2232,89.28,1
2233,89.32,1
2234,89.36,0
2235,89.4,0
2236,89.44,0
2237,89.48,0
2238,89.52,0
2239,89.56,0
2240,89.6,0
2241,89.64,0
2242,89.68,0
2243,89.72,0
2244,89.76,1
2245,89.8,1
2246,89.84,1
2247,89.88,1
2248,89.92,1
2249,89.96,1
2250,90.0,1
2251,90.04,1
2252,90.08,1
2253,90.12,1
2254,90.16,1
2255,90.2,1
2256,90.24,1
2257,90.28,1
2258,90.32,1
2259,90.36,1
2260,90.4,1
2261,90.44,1
2262,90.48,1
2263,90.52,1
2264,90.56,1
2265,90.6,1
2266,90.64,1
2267,90.68,1
2268,90.72,1
2269,90.76,0
2270,90.8,0
2271,90.84,0
2272,90.88,0
2273,90.92,0
2274,90.96,0
2275,91.0,0
2276,91.04,0
2277,91.08,0
2278,91.12,0
2279,91.16,0
2280,91.2,0
2281,91.24,1
2282,91.28,1
2283,91.32,1
2284,91.36,1
2285,91.4,1
2286,91.44,1
2287,91.48,1
2288,91.52,1
2289,91.56,1
2290,91.6,1
2291,91.64,1
2292,91.68,1
2293,91.72,1
2294,91.76,1
2295,91.8,1
2296,91.84,1
2297,91.88,1
2298,91.92,1
2299,91.96,1
2300,92.0,1
2301,92.04,1
2302,92.08,1
2303,92.12,1
2304,92.16,1
2305,92.2,1
2306,92.24,1
2307,92.28,1
2308,92.32,1
2309,92.36,1
2310,92.4,1
2311,92.44,1
2312,92.48,1
2313,92.52,1
2314,92.56,1
2315,92.6,1
2316,92.64,1
2317,92.68,1
2318,92.72,1
2319,92.76,1
2320,92.8,1
2321,92.84,1
2322,92.88,1
2323,92.92,1
2324,92.96,1
2325,93.0,1
2326,93.04,1
2327,93.08,1
2328,93.12,1
2329,93.16,1
2330,93.2,1
2331,93.24,1
2332,93.28,1
2333,93.32,1
2334,93.36,1
2335,93.4,1
2336,93.44,1
2337,93.48,1
2338,93.52,1
2339,93.56,1
2340,93.6,1
2341,93.64,1
2342,93.68,1
2343,93.72,1
2344,93.76,1
2345,93.8,1
2346,93.84,1
2347,93.88,1
2348,93.92,1
2349,93.96,1
2350,94.0,1
2351,94.04,1
2352,94.08,1
2353,94.12,1
2354,94.16,1
2355,94.2,1
2356,94.24,1
2357,94.28,1
2358,94.32,1
2359,94.36,1
2360,94.4,1
2361,94.44,1
2362,94.48,1
2363,94.52,1
2364,94.56,1
2365,94.6,1
2366,94.64,1
2367,94.68,1
2368,94.72,1
2369,94.76,1
2370,94.8,1
2371,94.84,1
2372,94.88,1
2373,94.92,1
2374,94.96,1
2375,95.0,1
2376,95.04,1
2377,95.08,1
2378,95.12,1
2379,95.16,1
2380,95.2,1
2381,95.24,1
2382,95.28,1
2383,95.32,1
2384,95.36,1
2385,95.4,1
2386,95.44,1
2387,95.48,1
2388,95.52,1
2389,95.56,1
2390,95.6,1
2391,95.64,1
2392,95.68,1
2393,95.72,1
2394,95.76,1
2395,95.8,1
2396,95.84,1
2397,95.88,1
2398,95.92,1
2399,95.96,1
2400,96.0,1
2401,96.04,1
2402,96.08,1
2403,96.12,1
2404,96.16,1
2405,96.2,1
2406,96.24,1
2407,96.28,1
2408,96.32,1
2409,96.36,1
2410,96.4,1
2411,96.44,1
2412,96.48,1
2413,96.52,1
2414,96.56,1
2415,96.6,1
2416,96.64,1
2417,96.68,1
2418,96.72,1
2419,96.76,1
2420,96.8,1
2421,96.84,1
2422,96.88,1
2423,96.92,1
2424,96.96,1
2425,97.0,1
2426,97.04,1
2427,97.08,1
2428,97.12,1
2429,97.16,1
2430,97.2,1
2431,97.24,1
2432,97.28,1
2433,97.32,1
2434,97.36,1
2435,97.4,1
2436,97.44,1
2437,97.48,1
2438,97.52,1
2439,97.56,1
2440,97.6,1
2441,97.64,1
2442,97.68,1
2443,97.72,1
2444,97.76,1
2445,97.8,1
2446,97.84,1
2447,97.88,1
2448,97.92,1
2449,97.96,1
2450,98.0,1
2451,98.04,1
2452,98.08,1
2453,98.12,1
2454,98.16,1
2455,98.2,1
2456,98.24,1
2457,98.28,1
2458,98.32,1
2459,98.36,1
2460,98.4,1
2461,98.44,1
2462,98.48,1
2463,98.52,1
2464,98.56,1
2465,98.6,1
2466,98.64,1
2467,98.68,1
2468,98.72,1
2469,98.76,1
2470,98.8,1
2471,98.84,1
2472,98.88,1
2473,98.92,1
2474,98.96,1
2475,99.0,1
2476,99.04,1
2477,99.08,1
2478,99.12,1
2479,99.16,1
2480,99.2,0
2481,99.24,0
2482,99.28,0
2483,99.32,0
2484,99.36,0
2485,99.4,0
2486,99.44,0
2487,99.48,0
2488,99.52,0
2489,99.56,1
2490,99.6,1
2491,99.64,1
2492,99.68,1
2493,99.72,1
2494,99.76,1
2495,99.8,1
2496,99.84,1
2497,99.88,1
2498,99.92,1
2499,99.96,1
2500,100.0,1
2501,100.04,1
2502,100.08,1
2503,100.12,1
2504,100.16,1
2505,100.2,1
2506,100.24,1
2507,100.28,1
2508,100.32,1
2509,100.36,1
2510,100.4,1
2511,100.44,1
2512,100.48,1
2513,100.52,1
2514,100.56,1
2515,100.6,1
2516,100.64,1
2517,100.68,1
2518,100.72,1
2519,100.76,1
2520,100.8,1
2521,100.84,1
2522,100.88,1
2523,100.92,1
2524,100.96,1
2525,101.0,1
2526,101.04,1
2527,101.08,1
2528,101.12,1
2529,101.16,1
2530,101.2,1
2531,101.24,1
2532,101.28,1
2533,101.32,1
2534,101.36,1
2535,101.4,1
2536,101.44,1
2537,101.48,1
2538,101.52,1
2539,101.56,1
2540,101.6,1
2541,101.64,1
2542,101.68,1
2543,101.72,1
2544,101.76,1
2545,101.8,1
2546,101.84,1
2547,101.88,1
2548,101.92,1
2549,101.96,1
2550,102.0,1
2551,102.04,1
2552,102.08,1
2553,102.12,1
2554,102.16,1
2555,102.2,1
2556,102.24,1
2557,102.28,1
2558,102.32,1
2559,102.36,1
2560,102.4,1
2561,102.44,1
2562,102.48,1
2563,102.52,1
2564,102.56,1
2565,102.6,1
2566,102.64,1
2567,102.68,1
2568,102.72,1
2569,102.76,1
2570,102.8,1
2571,102.84,1
2572,102.88,1
2573,102.92,1
2574,102.96,1
2575,103.0,1
2576,103.04,1
2577,103.08,1
2578,103.12,1
2579,103.16,1
2580,103.2,1
2581,103.24,1
2582,103.28,1
2583,103.32,1
2584,103.36,1
2585,103.4,1
2586,103.44,1
2587,103.48,1
2588,103.52,1
2589,103.56,1
2590,103.6,1
2591,103.64,1
2592,103.68,1
2593,103.72,1
2594,103.76,1
2595,103.8,1
2596,103.84,1
2597,103.88,1
2598,103.92,1
2599,103.96,1
2600,104.0,1
2601,104.04,1
2602,104.08,1
2603,104.12,1
2604,104.16,1
2605,104.2,0
2606,104.24,0
2607,104.28,0
2608,104.32,0
2609,104.36,0
2610,104.4,0
2611,104.44,0
2612,104.48,1
2613,104.52,1
2614,104.56,1
2615,104.6,1
2616,104.64,1
2617,104.68,1
2618,104.72,1
2619,104.76,1
2620,104.8,1
2621,104.84,1
2622,104.88,1
2623,104.92,1
2624,104.96,1
2625,105.0,1
2626,105.04,1
2627,105.08,1
2628,105.12,1
2629,105.16,1
2630,105.2,1
2631,105.24,1
2632,105.28,1
2633,105.32,1
2634,105.36,1
2635,105.4,1
2636,105.44,1
2637,105.48,1
2638,105.52,1
2639,105.56,1
2640,105.6,1
2641,105.64,1
2642,105.68,1
2643,105.72,1
2644,105.76,1
2645,105.8,1
2646,105.84,1
2647,105.88,1
2648,105.92,1
2649,105.96,1
2650,106.0,1
2651,106.04,1
2652,106.08,1
2653,106.12,1
2654,106.16,1
2655,106.2,1
2656,106.24,1
2657,106.28,1
2658,106.32,1
2659,106.36,1
2660,106.4,1
2661,106.44,1
2662,106.48,1
2663,106.52,1
2664,106.56,1
2665,106.6,1
2666,106.64,1
2667,106.68,1
2668,106.72,1
2669,106.76,1
2670,106.8,1
2671,106.84,1
2672,106.88,1
2673,106.92,1
2674,106.96,1
2675,107.0,1
2676,107.04,1
2677,107.08,1
2678,107.12,1
2679,107.16,1
2680,107.2,1
2681,107.24,1
2682,107.28,1
2683,107.32,1
2684,107.36,1
2685,107.4,1
2686,107.44,1
2687,107.48,1
2688,107.52,1
2689,107.56,1
2690,107.6,1
2691,107.64,1
2692,107.68,1
2693,107.72,1
2694,107.76,1
2695,107.8,1
2696,107.84,1
2697,107.88,1
2698,107.92,1
2699,107.96,1
2700,108.0,1
2701,108.04,1
2702,108.08,1
2703,108.12,1
2704,108.16,1
2705,108.2,1
2706,108.24,1
2707,108.28,1
2708,108.32,1
2709,108.36,1
2710,108.4,1
2711,108.44,1
2712,108.48,1
2713,108.52,1
2714,108.56,1
2715,108.6,1
2716,108.64,0
2717,108.68,0
2718,108.72,0
2719,108.76,0
2720,108.8,0
2721,108.84,0
2722,108.88,0
2723,108.92,1
2724,108.96,1
2725,109.0,1
2726,109.04,1
2727,109.08,1
2728,109.12,1
2729,109.16,1
2730,109.2,1
2731,109.24,1
2732,109.28,1
2733,109.32,1
2734,109.36,1
2735,109.4,1
2736,109.44,1
2737,109.48,1
2738,109.52,1
2739,109.56,1
2740,109.6,1
2741,109.64,1
2742,109.68,1
2743,109.72,1
2744,109.76,1
2745,109.8,1
2746,109.84,1
2747,109.88,1
2748,109.92,1
2749,109.96,1
2750,110.0,1
2751,110.04,1
2752,110.08,1
2753,110.12,1
2754,110.16,1
2755,110.2,1
2756,110.24,1
2757,110.28,1
2758,110.32,1
2759,110.36,1
2760,110.4,1
2761,110.44,1
2762,110.48,1
2763,110.52,1
2764,110.56,1
2765,110.6,1
2766,110.64,1
2767,110.68,1
2768,110.72,1
2769,110.76,1
2770,110.8,1
2771,110.84,1
2772,110.88,1
2773,110.92,1
2774,110.96,1
2775,111.0,1
2776,111.04,1
2777,111.08,1
2778,111.12,1
2779,111.16,1
2780,111.2,1
2781,111.24,1
2782,111.28,1
2783,111.32,1
2784,111.36,1
2785,111.4,1
2786,111.44,1
2787,111.48,1
2788,111.52,1
2789,111.56,1
2790,111.6,1
2791,111.64,1
2792,111.68,1
2793,111.72,1
2794,111.76,1
2795,111.8,1
2796,111.84,1
2797,111.88,1
2798,111.92,1
2799,111.96,1
2800,112.0,1
2801,112.04,1
2802,112.08,1
2803,112.12,1
2804,112.16,1
2805,112.2,1
2806,112.24,1
2807,112.28,1
2808,112.32,1
2809,112.36,1
2810,112.4,1
2811,112.44,1
2812,112.48,1
2813,112.52,1
2814,112.56,1
2815,112.6,1
2816,112.64,1
2817,112.68,1
2818,112.72,1
2819,112.76,1
2820,112.8,1
2821,112.84,1
2822,112.88,1
2823,112.92,1
2824,112.96,1
2825,113.0,1
2826,113.04,1
2827,113.08,1
2828,113.12,1
2829,113.16,1
2830,113.2,1
2831,113.24,1
2832,113.28,1
2833,113.32,1
2834,113.36,1
2835,113.4,1
2836,113.44,1
2837,113.48,1
2838,113.52,1
2839,113.56,1
2840,113.6,1
2841,113.64,1
2842,113.68,1
2843,113.72,1
2844,113.76,1
2845,113.8,1
2846,113.84,1
2847,113.88,1
2848,113.92,1
2849,113.96,1
2850,114.0,1
2851,114.04,1
2852,114.08,1
2853,114.12,1
2854,114.16,1
2855,114.2,1
2856,114.24,1
2857,114.28,1
2858,114.32,1
2859,114.36,1
2860,114.4,1
2861,114.44,1
2862,114.48,1
2863,114.52,1
2864,114.56,1
2865,114.6,1
2866,114.64,1
2867,114.68,1
2868,114.72,1
2869,114.76,1
2870,114.8,1
2871,114.84,1
2872,114.88,1
2873,114.92,1
2874,114.96,1
2875,115.0,1
2876,115.04,1
2877,115.08,1
2878,115.12,1
2879,115.16,1
2880,115.2,1
2881,115.24,1
2882,115.28,1
2883,115.32,1
2884,115.36,1
2885,115.4,1
2886,115.44,1
2887,115.48,1
2888,115.52,1
2889,115.56,1
2890,115.6,1
2891,115.64,1
2892,115.68,1
2893,115.72,1
2894,115.76,1
2895,115.8,1
2896,115.84,1
2897,115.88,1
2898,115.92,1
2899,115.96,1
2900,116.0,1
2901,116.04,1
2902,116.08,1
2903,116.12,1
2904,116.16,1
2905,116.2,1
2906,116.24,1
2907,116.28,1
2908,116.32,1
2909,116.36,1
2910,116.4,1
2911,116.44,1
2912,116.48,1
2913,116.52,1
2914,116.56,1
2915,116.6,1
2916,116.64,1
2917,116.68,1
2918,116.72,1
2919,116.76,1
2920,116.8,1
2921,116.84,1
2922,116.88,1
2923,116.92,1
2924,116.96,1
2925,117.0,1
2926,117.04,1
2927,117.08,1
2928,117.12,1
2929,117.16,1
2930,117.2,1
2931,117.24,1
2932,117.28,1
2933,117.32,1
2934,117.36,1
2935,117.4,1
2936,117.44,1
2937,117.48,1
2938,117.52,1
2939,117.56,1
2940,117.6,1
2941,117.64,1
2942,117.68,1
2943,117.72,1
2944,117.76,1
2945,117.8,1
2946,117.84,1
2947,117.88,1
2948,117.92,1
2949,117.96,1
2950,118.0,1
2951,118.04,1
2952,118.08,1
2953,118.12,1
2954,118.16,1
2955,118.2,1
2956,118.24,1
2957,118.28,1
2958,118.32,1
2959,118.36,1
2960,118.4,1
2961,118.44,1
2962,118.48,1
2963,118.52,1
2964,118.56,1
2965,118.6,1
2966,118.64,1
2967,118.68,1
2968,118.72,1
2969,118.76,1
2970,118.8,1
2971,118.84,1
2972,118.88,1
2973,118.92,1
2974,118.96,1
2975,119.0,1
2976,119.04,1
2977,119.08,1
2978,119.12,1
2979,119.16,1
2980,119.2,1
2981,119.24,1
2982,119.28,1
2983,119.32,1
2984,119.36,1
2985,119.4,1
2986,119.44,1
2987,119.48,1
2988,119.52,1
2989,119.56,1
2990,119.6,1
2991,119.64,1
2992,119.68,1
2993,119.72,1
2994,119.76,1
2995,119.8,1
2996,119.84,1
2997,119.88,1
2998,119.92,1
2999,119.96,1
3000,120.0,1
3001,120.04,1
3002,120.08,1
3003,120.12,1
3004,120.16,1
3005,120.2,1
3006,120.24,1
3007,120.28,1
3008,120.32,1
3009,120.36,1
3010,120.4,1
3011,120.44,1
3012,120.48,1
3013,120.52,1
3014,120.56,1
3015,120.6,1
3016,120.64,1
3017,120.68,1
3018,120.72,1
3019,120.76,1
3020,120.8,1
3021,120.84,1
3022,120.88,1
3023,120.92,1
3024,120.96,1
3025,121.0,1
3026,121.04,1
3027,121.08,1
3028,121.12,1
3029,121.16,1
3030,121.2,1
3031,121.24,1
3032,121.28,1
3033,121.32,1
3034,121.36,1
3035,121.4,1
3036,121.44,0
3037,121.48,0
3038,121.52,0
3039,121.56,0
3040,121.6,0
3041,121.64,0
3042,121.68,0
3043,121.72,0
3044,121.76,0
3045,121.8,0
3046,121.84,0
3047,121.88,1
3048,121.92,1
3049,121.96,1
3050,122.0,1
3051,122.04,1
3052,122.08,1
3053,122.12,1
3054,122.16,1
3055,122.2,1
3056,122.24,1
3057,122.28,1
3058,122.32,1
3059,122.36,1
3060,122.4,1
3061,122.44,1
3062,122.48,1
3063,122.52,1
3064,122.56,1
3065,122.6,1
3066,122.64,1
3067,122.68,1
3068,122.72,1
3069,122.76,1
3070,122.8,1
3071,122.84,1
3072,122.88,1
3073,122.92,1
3074,122.96,1
3075,123.0,1
3076,123.04,1
3077,123.08,1
3078,123.12,1
3079,123.16,1
3080,123.2,1
3081,123.24,1
3082,123.28,1
3083,123.32,1
3084,123.36,1
3085,123.4,1
3086,123.44,1
3087,123.48,1
3088,123.52,1
3089,123.56,1
3090,123.6,1
3091,123.64,1
3092,123.68,1
3093,123.72,1
3094,123.76,1
3095,123.8,1
3096,123.84,1
3097,123.88,1
3098,123.92,1
3099,123.96,1
3100,124.0,1
3101,124.04,1
3102,124.08,1
3103,124.12,1
3104,124.16,1
3105,124.2,1
3106,124.24,1
3107,124.28,1
3108,124.32,1
3109,124.36,1
3110,124.4,1
3111,124.44,1
3112,124.48,1
3113,124.52,1
3114,124.56,1
3115,124.6,1
3116,124.64,1
3117,124.68,1
3118,124.72,1
3119,124.76,1
3120,124.8,1
3121,124.84,1
3122,124.88,1
3123,124.92,1
3124,124.96,1
3125,125.0,1
3126,125.04,1
3127,125.08,1
3128,125.12,1
3129,125.16,1
3130,125.2,1
3131,125.24,1
3132,125.28,1
3133,125.32,1
3134,125.36,1
3135,125.4,1
3136,125.44,1
3137,125.48,1
3138,125.52,1
3139,125.56,1
3140,125.6,1
3141,125.64,1
3142,125.68,1
3143,125.72,1
3144,125.76,1
3145,125.8,1
3146,125.84,1
3147,125.88,1
3148,125.92,1
3149,125.96,1
3150,126.0,1
3151,126.04,1
3152,126.08,1
3153,126.12,1
3154,126.16,1
3155,126.2,1
3156,126.24,1
3157,126.28,1
3158,126.32,1
3159,126.36,1
3160,126.4,1
3161,126.44,1
3162,126.48,1
3163,126.52,1
3164,126.56,1
3165,126.6,1
3166,126.64,1
3167,126.68,1
3168,126.72,1
3169,126.76,1
3170,126.8,1
3171,126.84,1
3172,126.88,1
3173,126.92,1
3174,126.96,1
3175,127.0,1
3176,127.04,1
3177,127.08,1
3178,127.12,1
3179,127.16,1
3180,127.2,1
3181,127.24,1
3182,127.28,0
3183,127.32,0
3184,127.36,0
3185,127.4,0
3186,127.44,0
3187,127.48,0
3188,127.52,0
3189,127.56,0
3190,127.6,0
3191,127.64,0
3192,127.68,0
3193,127.72,0
3194,127.76,0
3195,127.8,0
3196,127.84,0
3197,127.88,0
3198,127.92,0
3199,127.96,0
3200,128.0,1
3201,128.04,1
3202,128.08,1
3203,128.12,1
3204,128.16,1
3205,128.2,1
3206,128.24,1
3207,128.28,1
3208,128.32,1
3209,128.36,1
3210,128.4,1
3211,128.44,1
3212,128.48,1
3213,128.52,1
3214,128.56,1
3215,128.6,1
3216,128.64,1
3217,128.68,1
3218,128.72,1
3219,128.76,1
3220,128.8,1
3221,128.84,1
3222,128.88,1
3223,128.92,1
3224,128.96,1
3225,129.0,1
3226,129.04,1
3227,129.08,1
3228,129.12,1
3229,129.16,1
3230,129.2,1
3231,129.24,1
3232,129.28,1
3233,129.32,1
3234,129.36,1
3235,129.4,1
3236,129.44,1
3237,129.48,1
3238,129.52,1
3239,129.56,1
3240,129.6,1
3241,129.64,1
3242,129.68,1
3243,129.72,1
3244,129.76,1
3245,129.8,1
3246,129.84,1
3247,129.88,1
3248,129.92,1
3249,129.96,1
3250,130.0,1
3251,130.04,1
3252,130.08,1
3253,130.12,1
3254,130.16,1
3255,130.2,1
3256,130.24,1
3257,130.28,1
3258,130.32,1
3259,130.36,1
3260,130.4,1
3261,130.44,1
3262,130.48,1
3263,130.52,1
3264,130.56,1
3265,130.6,1
3266,130.64,1
3267,130.68,1
3268,130.72,1
3269,130.76,1
3270,130.8,1
3271,130.84,1
3272,130.88,1
3273,130.92,1
3274,130.96,1
3275,131.0,1
3276,131.04,1
3277,131.08,1
3278,131.12,1
3279,131.16,1
3280,131.2,1
3281,131.24,1
3282,131.28,1
3283,131.32,1
3284,131.36,1
3285,131.4,1
3286,131.44,1
3287,131.48,1
3288,131.52,1
3289,131.56,1
3290,131.6,1
3291,131.64,1
3292,131.68,1
3293,131.72,1
3294,131.76,1
3295,131.8,1
3296,131.84,1
3297,131.88,1
3298,131.92,1
3299,131.96,1
3300,132.0,1
3301,132.04,1
3302,132.08,1
3303,132.12,1
3304,132.16,1
3305,132.2,1
3306,132.24,1
3307,132.28,1
3308,132.32,1
3309,132.36,1
3310,132.4,1
3311,132.44,1
3312,132.48,1
3313,132.52,1
3314,132.56,1
3315,132.6,1
3316,132.64,1
3317,132.68,1
3318,132.72,1
3319,132.76,1
3320,132.8,1
3321,132.84,1
3322,132.88,1
3323,132.92,1
3324,132.96,1
3325,133.0,1
3326,133.04,1
3327,133.08,1
3328,133.12,1
3329,133.16,1
3330,133.2,1
3331,133.24,1
3332,133.28,1
3333,133.32,1
3334,133.36,1
3335,133.4,1
3336,133.44,1
3337,133.48,1
3338,133.52,1
3339,133.56,1
3340,133.6,1
3341,133.64,1
3342,133.68,1
3343,133.72,1
3344,133.76,1
3345,133.8,1
3346,133.84,1
3347,133.88,1
3348,133.92,1
3349,133.96,1
3350,134.0,1
3351,134.04,1
3352,134.08,1
3353,134.12,1
3354,134.16,1
3355,134.2,1
3356,134.24,1
3357,134.28,1
3358,134.32,1
3359,134.36,1
3360,134.4,1
3361,134.44,1
3362,134.48,1
3363,134.52,1
3364,134.56,1
3365,134.6,1
3366,134.64,1
3367,134.68,1
3368,134.72,1
3369,134.76,1
3370,134.8,1
3371,134.84,1
3372,134.88,1
3373,134.92,1
3374,134.96,1
3375,135.0,1
3376,135.04,1
3377,135.08,1
3378,135.12,1
3379,135.16,1
3380,135.2,1
3381,135.24,1
3382,135.28,1
3383,135.32,1
3384,135.36,1
3385,135.4,1
3386,135.44,1
3387,135.48,1
3388,135.52,1
3389,135.56,1
3390,135.6,1
3391,135.64,1
3392,135.68,1
3393,135.72,1
3394,135.76,1
3395,135.8,1
3396,135.84,1
3397,135.88,1
3398,135.92,1
3399,135.96,1
3400,136.0,1
3401,136.04,1
3402,136.08,1
3403,136.12,1
3404,136.16,1
3405,136.2,1
3406,136.24,1
3407,136.28,1
3408,136.32,1
3409,136.36,1
3410,136.4,1
3411,136.44,1
3412,136.48,1
3413,136.52,1
3414,136.56,1
3415,136.6,1
3416,136.64,1
3417,136.68,1
3418,136.72,1
3419,136.76,1
3420,136.8,1
3421,136.84,1
3422,136.88,1
3423,136.92,1
3424,136.96,1
3425,137.0,1
3426,137.04,1
3427,137.08,1
3428,137.12,1
3429,137.16,1
3430,137.2,1
3431,137.24,1
3432,137.28,1
3433,137.32,1
3434,137.36,1
3435,137.4,1
3436,137.44,1
3437,137.48,1
3438,137.52,1
3439,137.56,1
3440,137.6,1
3441,137.64,1
3442,137.68,1
3443,137.72,1
3444,137.76,1
3445,137.8,1
3446,137.84,1
3447,137.88,1
3448,137.92,1
3449,137.96,1
3450,138.0,1
3451,138.04,1
3452,138.08,1
3453,138.12,1
3454,138.16,1
3455,138.2,1
3456,138.24,1
3457,138.28,1
3458,138.32,1
3459,138.36,1
3460,138.4,1
3461,138.44,1
3462,138.48,1
3463,138.52,1
3464,138.56,1
3465,138.6,1
3466,138.64,1
3467,138.68,1
3468,138.72,1
3469,138.76,1
3470,138.8,1
3471,138.84,1
3472,138.88,1
3473,138.92,1
3474,138.96,1
3475,139.0,1
3476,139.04,1
3477,139.08,1
3478,139.12,1
3479,139.16,1
3480,139.2,1
3481,139.24,1
3482,139.28,1
3483,139.32,1
3484,139.36,1
3485,139.4,1
3486,139.44,1
3487,139.48,1
3488,139.52,1
3489,139.56,1
3490,139.6,1
3491,139.64,1
3492,139.68,1
3493,139.72,1
3494,139.76,1
3495,139.8,1
3496,139.84,1
3497,139.88,1
3498,139.92,1
3499,139.96,1
3500,140.0,1
3501,140.04,1
3502,140.08,1
3503,140.12,1
3504,140.16,1
3505,140.2,1
3506,140.24,1
3507,140.28,1
3508,140.32,1
3509,140.36,1
3510,140.4,1
3511,140.44,1
3512,140.48,1
3513,140.52,1
3514,140.56,1
3515,140.6,1
3516,140.64,1
3517,140.68,1
3518,140.72,1
3519,140.76,1
3520,140.8,1
3521,140.84,1
3522,140.88,1
3523,140.92,1
3524,140.96,1
3525,141.0,1
3526,141.04,1
3527,141.08,1
3528,141.12,1
3529,141.16,1
3530,141.2,1
3531,141.24,1
3532,141.28,1
3533,141.32,1
3534,141.36,1
3535,141.4,1
3536,141.44,1
3537,141.48,1
3538,141.52,1
3539,141.56,1
3540,141.6,1
3541,141.64,1
3542,141.68,1
3543,141.72,1
3544,141.76,1
3545,141.8,1
3546,141.84,1
3547,141.88,1
3548,141.92,1
3549,141.96,1
3550,142.0,1
3551,142.04,1
3552,142.08,1
3553,142.12,1
3554,142.16,1
3555,142.2,1
3556,142.24,1
3557,142.28,1
3558,142.32,1
3559,142.36,1
3560,142.4,1
3561,142.44,1
3562,142.48,1
3563,142.52,1
3564,142.56,1
3565,142.6,1
3566,142.64,1
3567,142.68,1
3568,142.72,1
3569,142.76,1
3570,142.8,1
3571,142.84,1
3572,142.88,1
3573,142.92,1
3574,142.96,1
3575,143.0,1
3576,143.04,1
3577,143.08,1
3578,143.12,1
3579,143.16,1
3580,143.2,1
3581,143.24,1
3582,143.28,1
3583,143.32,1
3584,143.36,1
3585,143.4,1
3586,143.44,1
3587,143.48,1
3588,143.52,1
3589,143.56,1
3590,143.6,1
3591,143.64,1
3592,143.68,1
3593,143.72,1
3594,143.76,1
3595,143.8,1
3596,143.84,1
3597,143.88,1
3598,143.92,1
3599,143.96,1
3600,144.0,1
3601,144.04,1
3602,144.08,1
3603,144.12,1
3604,144.16,1
3605,144.2,1
3606,144.24,1
3607,144.28,1
3608,144.32,1
3609,144.36,1
3610,144.4,1
3611,144.44,1
3612,144.48,1
3613,144.52,1
3614,144.56,0
3615,144.6,0
3616,144.64,0
3617,144.68,0
3618,144.72,0
3619,144.76,0
3620,144.8,0
3621,144.84,0
3622,144.88,0
3623,144.92,0
3624,144.96,0
3625,145.0,0
3626,145.04,0
3627,145.08,0
3628,145.12,0
3629,145.16,0
3630,145.2,1
3631,145.24,1
3632,145.28,1
3633,145.32,1
3634,145.36,1
3635,145.4,1
3636,145.44,1
3637,145.48,1
3638,145.52,1
3639,145.56,1
3640,145.6,1
3641,145.64,1
3642,145.68,1
3643,145.72,1
3644,145.76,1
3645,145.8,1
3646,145.84,1
3647,145.88,1
3648,145.92,1
3649,145.96,1
3650,146.0,1
3651,146.04,1
3652,146.08,1
3653,146.12,1
3654,146.16,1
3655,146.2,1
3656,146.24,1
3657,146.28,1
3658,146.32,1
3659,146.36,1
3660,146.4,1
3661,146.44,1
3662,146.48,1
3663,146.52,1
3664,146.56,1
3665,146.6,1
3666,146.64,1
3667,146.68,1
3668,146.72,1
3669,146.76,1
3670,146.8,1
3671,146.84,1
3672,146.88,1
3673,146.92,1
3674,146.96,1
3675,147.0,1
3676,147.04,1
3677,147.08,1
3678,147.12,1
3679,147.16,1
3680,147.2,1
3681,147.24,1
3682,147.28,1
3683,147.32,1
3684,147.36,1
3685,147.4,1
3686,147.44,1
3687,147.48,1
3688,147.52,1
3689,147.56,1
3690,147.6,1
3691,147.64,1
3692,147.68,1
3693,147.72,1
3694,147.76,1
3695,147.8,1
3696,147.84,1
3697,147.88,1
3698,147.92,1
3699,147.96,1
3700,148.0,1
3701,148.04,1
3702,148.08,1
3703,148.12,1
3704,148.16,1
3705,148.2,1
3706,148.24,1
3707,148.28,1
3708,148.32,1
3709,148.36,1
3710,148.4,1
3711,148.44,1
3712,148.48,1
3713,148.52,1
3714,148.56,1
3715,148.6,1
3716,148.64,1
3717,148.68,1
3718,148.72,1
3719,148.76,1
3720,148.8,1
3721,148.84,1
3722,148.88,1
3723,148.92,1
3724,148.96,1
3725,149.0,1
3726,149.04,1
3727,149.08,1
3728,149.12,1
3729,149.16,1
3730,149.2,1
3731,149.24,1
3732,149.28,1
3733,149.32,1
3734,149.36,1
3735,149.4,1
3736,149.44,1
3737,149.48,1
3738,149.52,1
3739,149.56,1
3740,149.6,1
3741,149.64,1
3742,149.68,1
3743,149.72,1
3744,149.76,0
3745,149.8,0
3746,149.84,0
3747,149.88,0
3748,149.92,0
3749,149.96,0
3750,150.0,0
3751,150.04,0
3752,150.08,0
3753,150.12,0
3754,150.16,0
3755,150.2,1
3756,150.24,1
3757,150.28,1
3758,150.32,1
3759,150.36,1
3760,150.4,1
3761,150.44,1
3762,150.48,1
3763,150.52,1
3764,150.56,1
3765,150.6,1
3766,150.64,1
3767,150.68,1
3768,150.72,1
3769,150.76,1
3770,150.8,1
3771,150.84,1
3772,150.88,1
3773,150.92,1
3774,150.96,1
3775,151.0,1
3776,151.04,1
3777,151.08,1
3778,151.12,1
3779,151.16,1
3780,151.2,1
3781,151.24,1
3782,151.28,1
3783,151.32,1
3784,151.36,1
3785,151.4,1
3786,151.44,1
3787,151.48,1
3788,151.52,1
3789,151.56,1
3790,151.6,1
3791,151.64,1
3792,151.68,1
3793,151.72,1
3794,151.76,1
3795,151.8,1
3796,151.84,1
3797,151.88,1
3798,151.92,1
3799,151.96,1
3800,152.0,1
3801,152.04,1
3802,152.08,1
3803,152.12,1
3804,152.16,1
3805,152.2,1
3806,152.24,1
3807,152.28,1
3808,152.32,1
3809,152.36,1
3810,152.4,1
3811,152.44,1
3812,152.48,1
3813,152.52,1
3814,152.56,1
3815,152.6,1
3816,152.64,1
3817,152.68,1
3818,152.72,1
3819,152.76,1
3820,152.8,1
3821,152.84,1
3822,152.88,1
3823,152.92,1
3824,152.96,1
3825,153.0,1
3826,153.04,1
3827,153.08,1
3828,153.12,1
3829,153.16,1
3830,153.2,1
3831,153.24,1
3832,153.28,1
3833,153.32,1
3834,153.36,1
3835,153.4,1
3836,153.44,1
3837,153.48,1
3838,153.52,1
3839,153.56,1
3840,153.6,1
3841,153.64,1
3842,153.68,1
3843,153.72,1
3844,153.76,1
3845,153.8,1
3846,153.84,1
3847,153.88,1
3848,153.92,1
3849,153.96,1
3850,154.0,1
3851,154.04,1
3852,154.08,1
3853,154.12,1
3854,154.16,1
3855,154.2,1
3856,154.24,1
3857,154.28,1
3858,154.32,1
3859,154.36,1
3860,154.4,1
3861,154.44,1
3862,154.48,1
3863,154.52,1
3864,154.56,1
3865,154.6,1
3866,154.64,1
3867,154.68,1
3868,154.72,1
3869,154.76,1
3870,154.8,1
3871,154.84,1
3872,154.88,1
3873,154.92,1
3874,154.96,1
3875,155.0,1
3876,155.04,1
3877,155.08,1
3878,155.12,1
3879,155.16,1
3880,155.2,1
3881,155.24,1
3882,155.28,1
3883,155.32,1
3884,155.36,1
3885,155.4,1
3886,155.44,1
3887,155.48,1
3888,155.52,1
3889,155.56,1
3890,155.6,1
3891,155.64,1
3892,155.68,1
3893,155.72,1
3894,155.76,1
3895,155.8,1
3896,155.84,1
3897,155.88,1
3898,155.92,1
3899,155.96,1
3900,156.0,1
3901,156.04,1
3902,156.08,1
3903,156.12,1
3904,156.16,1
3905,156.2,1
3906,156.24,1
3907,156.28,1
3908,156.32,1
3909,156.36,1
3910,156.4,1
3911,156.44,1
3912,156.48,1
3913,156.52,1
3914,156.56,1
3915,156.6,1
3916,156.64,1
3917,156.68,1
3918,156.72,1
3919,156.76,1
3920,156.8,1
3921,156.84,1
3922,156.88,1
3923,156.92,1
3924,156.96,1
3925,157.0,1
3926,157.04,1
3927,157.08,1
3928,157.12,1
3929,157.16,1
3930,157.2,1
3931,157.24,1
3932,157.28,1
3933,157.32,1
3934,157.36,1
3935,157.4,1
3936,157.44,1
3937,157.48,1
3938,157.52,1
3939,157.56,1
3940,157.6,1
3941,157.64,1
3942,157.68,1
3943,157.72,1
3944,157.76,1
3945,157.8,1
3946,157.84,1
3947,157.88,1
3948,157.92,1
3949,157.96,1
3950,158.0,1
3951,158.04,1
3952,158.08,1
3953,158.12,1
3954,158.16,1
3955,158.2,1
3956,158.24,1
3957,158.28,1
3958,158.32,1
3959,158.36,1
3960,158.4,1
3961,158.44,1
3962,158.48,1
3963,158.52,1
3964,158.56,1
3965,158.6,1
3966,158.64,1
3967,158.68,1
3968,158.72,1
3969,158.76,1
3970,158.8,1
3971,158.84,1
3972,158.88,1
3973,158.92,1
3974,158.96,1
3975,159.0,1
3976,159.04,1
3977,159.08,1
3978,159.12,1
3979,159.16,1
3980,159.2,1
3981,159.24,1
3982,159.28,1
3983,159.32,1
3984,159.36,1
3985,159.4,1
3986,159.44,1
3987,159.48,1
3988,159.52,1
3989,159.56,1
3990,159.6,1
3991,159.64,1
3992,159.68,1
3993,159.72,1
3994,159.76,1
3995,159.8,1
3996,159.84,1
3997,159.88,1
3998,159.92,1
3999,159.96,1
4000,160.0,1
4001,160.04,1
4002,160.08,1
4003,160.12,1
4004,160.16,1
4005,160.2,1
4006,160.24,1
4007,160.28,1
4008,160.32,1
4009,160.36,1
4010,160.4,1
4011,160.44,1
4012,160.48,1
4013,160.52,1
4014,160.56,1
4015,160.6,1
4016,160.64,1
4017,160.68,1
4018,160.72,1
4019,160.76,1
4020,160.8,1
4021,160.84,1
4022,160.88,1
4023,160.92,1
4024,160.96,1
4025,161.0,1
4026,161.04,1
4027,161.08,1
4028,161.12,1
4029,161.16,1
4030,161.2,1
4031,161.24,1
4032,161.28,1
4033,161.32,1
4034,161.36,1
4035,161.4,1
4036,161.44,1
4037,161.48,1
4038,161.52,1
4039,161.56,1
4040,161.6,1
4041,161.64,1
4042,161.68,1
4043,161.72,1
4044,161.76,1
4045,161.8,1
4046,161.84,1
4047,161.88,1
4048,161.92,1
4049,161.96,1
4050,162.0,1
4051,162.04,1
4052,162.08,1
4053,162.12,1
4054,162.16,1
4055,162.2,1
4056,162.24,1
4057,162.28,1
4058,162.32,1
4059,162.36,1
4060,162.4,1
4061,162.44,1
4062,162.48,1
4063,162.52,1
4064,162.56,1
4065,162.6,0
4066,162.64,0
4067,162.68,0
4068,162.72,0
4069,162.76,0
4070,162.8,0
4071,162.84,0
4072,162.88,0
4073,162.92,0
4074,162.96,0
4075,163.0,0
4076,163.04,0
4077,163.08,0
4078,163.12,0
4079,163.16,0
4080,163.2,0
4081,163.24,0
4082,163.28,0
4083,163.32,0
4084,163.36,0
4085,163.4,1
4086,163.44,1
4087,163.48,1
4088,163.52,1
4089,163.56,1
4090,163.6,1
4091,163.64,1
4092,163.68,1
4093,163.72,1
4094,163.76,1
4095,163.8,1
4096,163.84,1
4097,163.88,1
4098,163.92,1
4099,163.96,1
4100,164.0,1
4101,164.04,1
4102,164.08,1
4103,164.12,1
4104,164.16,1
4105,164.2,1
4106,164.24,1
4107,164.28,1
4108,164.32,1
4109,164.36,1
4110,164.4,1
4111,164.44,1
4112,164.48,1
4113,164.52,1
4114,164.56,1
4115,164.6,1
4116,164.64,1
4117,164.68,1
4118,164.72,1
4119,164.76,1
4120,164.8,1
4121,164.84,1
4122,164.88,1
4123,164.92,1
4124,164.96,1
4125,165.0,1
4126,165.04,1
4127,165.08,1
4128,165.12,1
4129,165.16,1
4130,165.2,1
4131,165.24,1
4132,165.28,1
4133,165.32,1
4134,165.36,1
4135,165.4,1
4136,165.44,1
4137,165.48,1
4138,165.52,1
4139,165.56,1
4140,165.6,1
4141,165.64,1
4142,165.68,1
4143,165.72,1
4144,165.76,1
4145,165.8,1
4146,165.84,1
4147,165.88,1
4148,165.92,1
4149,165.96,1
4150,166.0,1
4151,166.04,1
4152,166.08,1
4153,166.12,1
4154,166.16,1
4155,166.2,1
4156,166.24,1
4157,166.28,1
4158,166.32,1
4159,166.36,1
4160,166.4,1
4161,166.44,1
4162,166.48,1
4163,166.52,1
4164,166.56,1
4165,166.6,1
4166,166.64,1
4167,166.68,1
4168,166.72,1
4169,166.76,1
4170,166.8,1
4171,166.84,1
4172,166.88,1
4173,166.92,1
4174,166.96,1
4175,167.0,1
4176,167.04,1
4177,167.08,1
4178,167.12,1
4179,167.16,1
4180,167.2,1
4181,167.24,1
4182,167.28,1
4183,167.32,1
4184,167.36,1
4185,167.4,1
4186,167.44,1
4187,167.48,1
4188,167.52,1
4189,167.56,1
4190,167.6,1
4191,167.64,1
4192,167.68,1
4193,167.72,1
4194,167.76,1
4195,167.8,1
4196,167.84,1
4197,167.88,1
4198,167.92,1
4199,167.96,1
4200,168.0,1
4201,168.04,1
4202,168.08,1
4203,168.12,1
4204,168.16,1
4205,168.2,1
4206,168.24,1
4207,168.28,1
4208,168.32,1
4209,168.36,1
4210,168.4,1
4211,168.44,1
4212,168.48,1
4213,168.52,1
4214,168.56,1
4215,168.6,1
4216,168.64,1
4217,168.68,1
4218,168.72,1
4219,168.76,1
4220,168.8,1
4221,168.84,1
4222,168.88,1
4223,168.92,1
4224,168.96,1
4225,169.0,1
4226,169.04,1
4227,169.08,1
4228,169.12,1
4229,169.16,1
4230,169.2,1
4231,169.24,1
4232,169.28,1
4233,169.32,1
4234,169.36,1
4235,169.4,1
4236,169.44,1
4237,169.48,1
4238,169.52,1
4239,169.56,1
4240,169.6,1
4241,169.64,1
4242,169.68,1
4243,169.72,1
4244,169.76,1
4245,169.8,1
4246,169.84,1
4247,169.88,1
4248,169.92,1
4249,169.96,1
4250,170.0,1
4251,170.04,1
4252,170.08,1
4253,170.12,1
4254,170.16,1
4255,170.2,1
4256,170.24,1
4257,170.28,1
4258,170.32,1
4259,170.36,1
4260,170.4,1
4261,170.44,1
4262,170.48,1
4263,170.52,1
4264,170.56,1
4265,170.6,1
4266,170.64,1
4267,170.68,1
4268,170.72,1
4269,170.76,1
4270,170.8,1
4271,170.84,1
4272,170.88,1
4273,170.92,1
4274,170.96,1
4275,171.0,1
4276,171.04,1
4277,171.08,1
4278,171.12,1
4279,171.16,1
4280,171.2,1
4281,171.24,1
4282,171.28,1
4283,171.32,1
4284,171.36,1
4285,171.4,1
4286,171.44,1
4287,171.48,1
4288,171.52,1
4289,171.56,1
4290,171.6,1
4291,171.64,1
4292,171.68,1
4293,171.72,1
4294,171.76,1
4295,171.8,1
4296,171.84,1
4297,171.88,1
4298,171.92,1
4299,171.96,1
4300,172.0,1
4301,172.04,1
4302,172.08,1
4303,172.12,1
4304,172.16,1
4305,172.2,1
4306,172.24,1
4307,172.28,1
4308,172.32,1
4309,172.36,1
4310,172.4,1
4311,172.44,1
4312,172.48,1
4313,172.52,1
4314,172.56,1
4315,172.6,1
4316,172.64,1
4317,172.68,1
4318,172.72,1
4319,172.76,1
4320,172.8,1
4321,172.84,1
4322,172.88,1
4323,172.92,1
4324,172.96,1
4325,173.0,1
4326,173.04,1
4327,173.08,1
4328,173.12,1
4329,173.16,1
4330,173.2,1
4331,173.24,1
4332,173.28,1
4333,173.32,1
4334,173.36,1
4335,173.4,1
4336,173.44,1
4337,173.48,1
4338,173.52,1
4339,173.56,1
4340,173.6,1
4341,173.64,1
4342,173.68,1
4343,173.72,1
4344,173.76,1
4345,173.8,1
4346,173.84,1
4347,173.88,1
4348,173.92,1
4349,173.96,1
4350,174.0,1
4351,174.04,1
4352,174.08,1
4353,174.12,1
4354,174.16,1
4355,174.2,1
4356,174.24,1
4357,174.28,1
4358,174.32,1
4359,174.36,1
4360,174.4,1
4361,174.44,1
4362,174.48,1
4363,174.52,1
4364,174.56,1
4365,174.6,1
4366,174.64,1
4367,174.68,1
4368,174.72,1
4369,174.76,1
4370,174.8,1
4371,174.84,1
4372,174.88,1
4373,174.92,1
4374,174.96,1
4375,175.0,1
4376,175.04,1
4377,175.08,1
4378,175.12,1
4379,175.16,1
4380,175.2,1
4381,175.24,1
4382,175.28,1
4383,175.32,1
4384,175.36,1
4385,175.4,1
4386,175.44,1
4387,175.48,1
4388,175.52,1
4389,175.56,1
4390,175.6,1
4391,175.64,1
4392,175.68,1
4393,175.72,1
4394,175.76,1
4395,175.8,1
4396,175.84,1
4397,175.88,1
4398,175.92,1
4399,175.96,1
4400,176.0,1
4401,176.04,1
4402,176.08,1
4403,176.12,1
4404,176.16,1
4405,176.2,1
4406,176.24,1
4407,176.28,1
4408,176.32,1
4409,176.36,1
4410,176.4,1
4411,176.44,1
4412,176.48,1
4413,176.52,1
4414,176.56,1
4415,176.6,1
4416,176.64,1
4417,176.68,1
4418,176.72,1
4419,176.76,1
4420,176.8,1
4421,176.84,1
4422,176.88,1
4423,176.92,1
4424,176.96,1
4425,177.0,1
4426,177.04,1
4427,177.08,1
4428,177.12,1
4429,177.16,1
4430,177.2,1
4431,177.24,1
4432,177.28,1
4433,177.32,1
4434,177.36,1
4435,177.4,1
4436,177.44,1
4437,177.48,1
4438,177.52,1
4439,177.56,1
4440,177.6,1
4441,177.64,1
4442,177.68,1
4443,177.72,1
4444,177.76,1
4445,177.8,1
4446,177.84,1
4447,177.88,1
4448,177.92,1
4449,177.96,1
4450,178.0,1
4451,178.04,1
4452,178.08,1
4453,178.12,1
4454,178.16,1
4455,178.2,1
4456,178.24,1
4457,178.28,1
4458,178.32,1
4459,178.36,1
4460,178.4,1
4461,178.44,1
4462,178.48,1
4463,178.52,1
4464,178.56,1
4465,178.6,1
4466,178.64,1
4467,178.68,1
4468,178.72,1
4469,178.76,1
4470,178.8,1
4471,178.84,1
4472,178.88,1
4473,178.92,1
4474,178.96,1
4475,179.0,1
4476,179.04,1
4477,179.08,1
4478,179.12,1
4479,179.16,1
4480,179.2,1
4481,179.24,1
4482,179.28,1
4483,179.32,1
4484,179.36,1
4485,179.4,1
4486,179.44,1
4487,179.48,1
4488,179.52,1
4489,179.56,1
4490,179.6,1
4491,179.64,1
4492,179.68,1
4493,179.72,1
4494,179.76,1
4495,179.8,1
4496,179.84,1
4497,179.88,1
4498,179.92,1
4499,179.96,1
4500,180.0,1
4501,180.04,1
4502,180.08,1
4503,180.12,1
4504,180.16,1
4505,180.2,1
4506,180.24,1
4507,180.28,1
4508,180.32,1
4509,180.36,1
4510,180.4,1
4511,180.44,1
4512,180.48,1
4513,180.52,1
4514,180.56,1
4515,180.6,1
4516,180.64,1
4517,180.68,1
4518,180.72,1
4519,180.76,1
4520,180.8,1
4521,180.84,1
4522,180.88,1
4523,180.92,1
4524,180.96,1
4525,181.0,1
4526,181.04,1
4527,181.08,1
4528,181.12,1
4529,181.16,1
4530,181.2,1
4531,181.24,1
4532,181.28,1
4533,181.32,1
4534,181.36,1
4535,181.4,1
4536,181.44,1
4537,181.48,1
4538,181.52,1
4539,181.56,1
4540,181.6,1
4541,181.64,1
4542,181.68,1
4543,181.72,1
4544,181.76,1
4545,181.8,1
4546,181.84,1
4547,181.88,1
4548,181.92,1
4549,181.96,1
4550,182.0,1
4551,182.04,1
4552,182.08,1
4553,182.12,1
4554,182.16,1
4555,182.2,1
4556,182.24,1
4557,182.28,1
4558,182.32,1
4559,182.36,1
4560,182.4,1
4561,182.44,1
4562,182.48,1
4563,182.52,1
4564,182.56,1
4565,182.6,1
4566,182.64,1
4567,182.68,1
4568,182.72,1
4569,182.76,1
4570,182.8,1
4571,182.84,1
4572,182.88,1
4573,182.92,1
4574,182.96,1
4575,183.0,1
4576,183.04,1
4577,183.08,1
4578,183.12,1
4579,183.16,1
4580,183.2,1
4581,183.24,1
4582,183.28,1
4583,183.32,1
4584,183.36,1
4585,183.4,1
4586,183.44,1
4587,183.48,1
4588,183.52,1
4589,183.56,1
4590,183.6,1
4591,183.64,1
4592,183.68,1
4593,183.72,1
4594,183.76,1
4595,183.8,1
4596,183.84,1
4597,183.88,1
4598,183.92,1
4599,183.96,1
4600,184.0,1
4601,184.04,1
4602,184.08,1
4603,184.12,1
4604,184.16,1
4605,184.2,1
4606,184.24,1
4607,184.28,1
4608,184.32,1
4609,184.36,1
4610,184.4,1
4611,184.44,1
4612,184.48,1
4613,184.52,1
4614,184.56,1
4615,184.6,1
4616,184.64,1
4617,184.68,1
4618,184.72,1
4619,184.76,1
4620,184.8,1
4621,184.84,1
4622,184.88,1
4623,184.92,1
4624,184.96,1
4625,185.0,1
4626,185.04,1
4627,185.08,1
4628,185.12,1
4629,185.16,1
4630,185.2,1
4631,185.24,1
4632,185.28,1
4633,185.32,1
4634,185.36,1
4635,185.4,1
4636,185.44,1
4637,185.48,1
4638,185.52,1
4639,185.56,1
4640,185.6,1
4641,185.64,1
4642,185.68,1
4643,185.72,1
4644,185.76,1
4645,185.8,1
4646,185.84,1
4647,185.88,1
4648,185.92,1
4649,185.96,1
4650,186.0,1
4651,186.04,1
4652,186.08,1
4653,186.12,1
4654,186.16,1
4655,186.2,1
4656,186.24,1
4657,186.28,1
4658,186.32,1
4659,186.36,1
4660,186.4,1
4661,186.44,1
4662,186.48,1
4663,186.52,1
4664,186.56,1
4665,186.6,1
4666,186.64,1
4667,186.68,1
4668,186.72,1
4669,186.76,1
4670,186.8,1
4671,186.84,1
4672,186.88,1
4673,186.92,1
4674,186.96,1
4675,187.0,1
4676,187.04,1
4677,187.08,1
4678,187.12,1
4679,187.16,1
4680,187.2,1
4681,187.24,1
4682,187.28,1
4683,187.32,1
4684,187.36,1
4685,187.4,1
4686,187.44,1
4687,187.48,1
4688,187.52,1
4689,187.56,1
4690,187.6,1
4691,187.64,1
4692,187.68,1
4693,187.72,1
4694,187.76,1
4695,187.8,1
4696,187.84,1
4697,187.88,1
4698,187.92,1
4699,187.96,1
4700,188.0,1
4701,188.04,1
4702,188.08,1
4703,188.12,1
4704,188.16,1
4705,188.2,1
4706,188.24,1
4707,188.28,1
4708,188.32,1
4709,188.36,1
4710,188.4,1
4711,188.44,1
4712,188.48,1
4713,188.52,1
4714,188.56,1
4715,188.6,1
4716,188.64,1
4717,188.68,1
4718,188.72,1
4719,188.76,1
4720,188.8,1
4721,188.84,1
4722,188.88,1
4723,188.92,1
4724,188.96,1
4725,189.0,1
4726,189.04,1
4727,189.08,1
4728,189.12,1
4729,189.16,1
4730,189.2,1
4731,189.24,1
4732,189.28,1
4733,189.32,1
4734,189.36,1
4735,189.4,1
4736,189.44,1
4737,189.48,1
4738,189.52,1
4739,189.56,1
4740,189.6,1
4741,189.64,1
4742,189.68,1
4743,189.72,1
4744,189.76,1
4745,189.8,1
4746,189.84,1
4747,189.88,1
4748,189.92,1
4749,189.96,1
4750,190.0,1
4751,190.04,1
4752,190.08,1
4753,190.12,1
4754,190.16,1
4755,190.2,1
4756,190.24,1
4757,190.28,1
4758,190.32,1
4759,190.36,1
4760,190.4,1
4761,190.44,1
4762,190.48,1
4763,190.52,1
4764,190.56,1
4765,190.6,1
4766,190.64,1
4767,190.68,1
4768,190.72,1
4769,190.76,1
4770,190.8,1
4771,190.84,1
4772,190.88,1
4773,190.92,1
4774,190.96,1
4775,191.0,1
4776,191.04,1
4777,191.08,1
4778,191.12,1
4779,191.16,1
4780,191.2,1
4781,191.24,1
4782,191.28,1
4783,191.32,1
4784,191.36,1
4785,191.4,1
4786,191.44,1
4787,191.48,1
4788,191.52,1
4789,191.56,1
4790,191.6,1
4791,191.64,1
4792,191.68,1
4793,191.72,1
4794,191.76,1
4795,191.8,1
4796,191.84,1
4797,191.88,1
4798,191.92,1
4799,191.96,1
4800,192.0,1
4801,192.04,1
4802,192.08,1
4803,192.12,1
4804,192.16,1
4805,192.2,1
4806,192.24,1
4807,192.28,1
4808,192.32,1
4809,192.36,1
4810,192.4,1
4811,192.44,1
4812,192.48,1
4813,192.52,1
4814,192.56,1
4815,192.6,1
4816,192.64,1
4817,192.68,1
4818,192.72,1
4819,192.76,1
4820,192.8,1
4821,192.84,1
4822,192.88,1
4823,192.92,1
4824,192.96,1
4825,193.0,1
4826,193.04,1
4827,193.08,1
4828,193.12,1
4829,193.16,1
4830,193.2,1
4831,193.24,1
4832,193.28,1
4833,193.32,1
4834,193.36,1
4835,193.4,1
4836,193.44,1
4837,193.48,1
4838,193.52,1
4839,193.56,1
4840,193.6,1
4841,193.64,1
4842,193.68,1
4843,193.72,1
4844,193.76,1
4845,193.8,1
4846,193.84,1
4847,193.88,1
4848,193.92,1
4849,193.96,1
4850,194.0,1
4851,194.04,1
4852,194.08,1
4853,194.12,1
4854,194.16,1
4855,194.2,1
4856,194.24,1
4857,194.28,1
4858,194.32,1
4859,194.36,1
4860,194.4,1
4861,194.44,1
4862,194.48,1
4863,194.52,1
4864,194.56,1
4865,194.6,1
4866,194.64,1
4867,194.68,1
4868,194.72,1
4869,194.76,1
4870,194.8,1
4871,194.84,1
4872,194.88,1
4873,194.92,1
4874,194.96,1
4875,195.0,1
4876,195.04,1
4877,195.08,1
4878,195.12,1
4879,195.16,1
4880,195.2,1
4881,195.24,1
4882,195.28,1
4883,195.32,1
4884,195.36,1
4885,195.4,1
4886,195.44,1
4887,195.48,1
4888,195.52,1
4889,195.56,1
4890,195.6,1
4891,195.64,1
4892,195.68,1
4893,195.72,1
4894,195.76,1
4895,195.8,1
4896,195.84,1
4897,195.88,1
4898,195.92,1
4899,195.96,1
4900,196.0,1
4901,196.04,1
4902,196.08,1
4903,196.12,1
4904,196.16,1
4905,196.2,1
4906,196.24,1
4907,196.28,1
4908,196.32,1
4909,196.36,1
4910,196.4,1
4911,196.44,1
4912,196.48,1
4913,196.52,1
4914,196.56,1
4915,196.6,1
4916,196.64,1
4917,196.68,1
4918,196.72,1
4919,196.76,1
4920,196.8,1
4921,196.84,1
4922,196.88,1
4923,196.92,1
4924,196.96,1
4925,197.0,1
4926,197.04,1
4927,197.08,1
4928,197.12,1
4929,197.16,1
4930,197.2,1
4931,197.24,1
4932,197.28,1
4933,197.32,1
4934,197.36,1
4935,197.4,1
4936,197.44,1
4937,197.48,1
4938,197.52,1
4939,197.56,1
4940,197.6,1
4941,197.64,1
4942,197.68,1
4943,197.72,1
4944,197.76,1
4945,197.8,1
4946,197.84,1
4947,197.88,1
4948,197.92,1
4949,197.96,1
4950,198.0,1
4951,198.04,1
4952,198.08,1
4953,198.12,1
4954,198.16,1
4955,198.2,1
4956,198.24,1
4957,198.28,1
4958,198.32,1
4959,198.36,1
4960,198.4,1
4961,198.44,1
4962,198.48,1
4963,198.52,1
4964,198.56,1
4965,198.6,1
4966,198.64,1
4967,198.68,1
4968,198.72,1
4969,198.76,1
4970,198.8,1
4971,198.84,1
4972,198.88,1
4973,198.92,1
4974,198.96,1
4975,199.0,1
4976,199.04,1
4977,199.08,1
4978,199.12,1
4979,199.16,1
4980,199.2,1
4981,199.24,1
4982,199.28,1
4983,199.32,1
4984,199.36,1
4985,199.4,1
4986,199.44,1
4987,199.48,1
4988,199.52,1
4989,199.56,1
4990,199.6,1
4991,199.64,1
4992,199.68,1
4993,199.72,1
4994,199.76,1
4995,199.8,1
4996,199.84,1
4997,199.88,1
4998,199.92,1
4999,199.96,1
5000,200.0,1
5001,200.04,1
5002,200.08,1
5003,200.12,1
5004,200.16,1
5005,200.2,1
5006,200.24,1
5007,200.28,1
5008,200.32,1
5009,200.36,1
5010,200.4,1
5011,200.44,1
5012,200.48,1
5013,200.52,1
5014,200.56,1
5015,200.6,1
5016,200.64,1
5017,200.68,1
5018,200.72,1
5019,200.76,1
5020,200.8,1
5021,200.84,1
5022,200.88,1
5023,200.92,1
5024,200.96,1
5025,201.0,1
5026,201.04,1
5027,201.08,1
5028,201.12,1
5029,201.16,1
5030,201.2,1
5031,201.24,1
5032,201.28,1
5033,201.32,1
5034,201.36,1
5035,201.4,1
5036,201.44,1
5037,201.48,1
5038,201.52,1
5039,201.56,1
5040,201.6,1
5041,201.64,1
5042,201.68,1
5043,201.72,1
5044,201.76,1
5045,201.8,1
5046,201.84,1
5047,201.88,1
5048,201.92,1
5049,201.96,1
5050,202.0,1
5051,202.04,1
5052,202.08,1
5053,202.12,1
5054,202.16,1
5055,202.2,1
5056,202.24,1
5057,202.28,1
5058,202.32,1
5059,202.36,1
5060,202.4,1
5061,202.44,1
5062,202.48,1
5063,202.52,1
5064,202.56,1
5065,202.6,1
5066,202.64,1
5067,202.68,1
5068,202.72,1
5069,202.76,1
5070,202.8,1
5071,202.84,1
5072,202.88,1
5073,202.92,1
5074,202.96,1
5075,203.0,1
5076,203.04,1
5077,203.08,1
5078,203.12,1
5079,203.16,1
5080,203.2,1
5081,203.24,1
5082,203.28,1
5083,203.32,1
5084,203.36,1
5085,203.4,1
5086,203.44,1
5087,203.48,1
5088,203.52,1
5089,203.56,1
5090,203.6,1
5091,203.64,1
5092,203.68,1
5093,203.72,1
5094,203.76,1
5095,203.8,1
5096,203.84,1
5097,203.88,1
5098,203.92,1
5099,203.96,1
5100,204.0,1
5101,204.04,1
5102,204.08,1
5103,204.12,1
5104,204.16,1
5105,204.2,1
5106,204.24,1
5107,204.28,1
5108,204.32,1
5109,204.36,1
5110,204.4,1
5111,204.44,1
5112,204.48,1
5113,204.52,1
5114,204.56,1
5115,204.6,1
5116,204.64,1
5117,204.68,1
5118,204.72,1
5119,204.76,1
5120,204.8,1
5121,204.84,1
5122,204.88,1
5123,204.92,1
5124,204.96,1
5125,205.0,1
5126,205.04,1
5127,205.08,1
5128,205.12,1
5129,205.16,1
5130,205.2,1
5131,205.24,1
5132,205.28,1
5133,205.32,1
5134,205.36,1
5135,205.4,1
5136,205.44,1
5137,205.48,1
5138,205.52,1
5139,205.56,1
5140,205.6,1
5141,205.64,1
5142,205.68,1
5143,205.72,1
5144,205.76,1
5145,205.8,1
5146,205.84,1
5147,205.88,1
5148,205.92,1
5149,205.96,1
5150,206.0,1
5151,206.04,1
5152,206.08,1
5153,206.12,1
5154,206.16,1
5155,206.2,1
5156,206.24,1
5157,206.28,1
5158,206.32,1
5159,206.36,1
5160,206.4,1
5161,206.44,1
5162,206.48,1
5163,206.52,1
5164,206.56,1
5165,206.6,1
5166,206.64,1
5167,206.68,1
5168,206.72,1
5169,206.76,1
5170,206.8,1
5171,206.84,1
5172,206.88,1
5173,206.92,1
5174,206.96,1
5175,207.0,1
5176,207.04,1
5177,207.08,1
5178,207.12,1
5179,207.16,1
5180,207.2,1
5181,207.24,1
5182,207.28,1
5183,207.32,1
5184,207.36,1
5185,207.4,1
5186,207.44,1
5187,207.48,1
5188,207.52,1
5189,207.56,1
5190,207.6,1
5191,207.64,1
5192,207.68,1
5193,207.72,1
5194,207.76,1
5195,207.8,1
5196,207.84,1
5197,207.88,1
5198,207.92,1
5199,207.96,1
5200,208.0,1
5201,208.04,1
5202,208.08,1
5203,208.12,1
5204,208.16,1
5205,208.2,1
5206,208.24,1
5207,208.28,1
5208,208.32,1
5209,208.36,1
5210,208.4,1
5211,208.44,1
5212,208.48,1
5213,208.52,1
5214,208.56,1
5215,208.6,1
5216,208.64,1
5217,208.68,1
5218,208.72,1
5219,208.76,1
5220,208.8,1
5221,208.84,1
5222,208.88,1
5223,208.92,1
5224,208.96,1
5225,209.0,1
5226,209.04,1
5227,209.08,1
5228,209.12,1
5229,209.16,1
5230,209.2,1
5231,209.24,1
5232,209.28,1
5233,209.32,1
5234,209.36,1
5235,209.4,1
5236,209.44,1
5237,209.48,1
5238,209.52,1
5239,209.56,1
5240,209.6,1
5241,209.64,1
5242,209.68,1
5243,209.72,1
5244,209.76,1
5245,209.8,1
5246,209.84,1
5247,209.88,1
5248,209.92,1
5249,209.96,1
5250,210.0,1
5251,210.04,1
5252,210.08,1
5253,210.12,1
5254,210.16,1
5255,210.2,1
5256,210.24,1
5257,210.28,1
5258,210.32,1
5259,210.36,1
5260,210.4,1
5261,210.44,1
5262,210.48,1
5263,210.52,1
5264,210.56,1
5265,210.6,1
5266,210.64,1
5267,210.68,1
5268,210.72,1
5269,210.76,1
5270,210.8,1
5271,210.84,1
5272,210.88,1
5273,210.92,1
5274,210.96,1
5275,211.0,1
5276,211.04,1
5277,211.08,1
5278,211.12,1
5279,211.16,1
5280,211.2,1
5281,211.24,1
5282,211.28,1
5283,211.32,1
5284,211.36,1
5285,211.4,1
5286,211.44,1
5287,211.48,1
5288,211.52,1
5289,211.56,1
5290,211.6,1
5291,211.64,1
5292,211.68,1
5293,211.72,1
5294,211.76,1
5295,211.8,1
5296,211.84,1
5297,211.88,1
5298,211.92,1
5299,211.96,1
5300,212.0,1
5301,212.04,1
5302,212.08,1
5303,212.12,1
5304,212.16,1
5305,212.2,1
5306,212.24,1
5307,212.28,1
5308,212.32,1
5309,212.36,1
5310,212.4,1
5311,212.44,1
5312,212.48,1
5313,212.52,1
5314,212.56,1
5315,212.6,1
5316,212.64,1
5317,212.68,1
5318,212.72,1
5319,212.76,1
5320,212.8,1
5321,212.84,1
5322,212.88,1
5323,212.92,1
5324,212.96,1
5325,213.0,1
5326,213.04,1
5327,213.08,1
5328,213.12,1
5329,213.16,1
5330,213.2,1
5331,213.24,1
5332,213.28,1
5333,213.32,1
5334,213.36,1
5335,213.4,1
5336,213.44,1
5337,213.48,1
5338,213.52,1
5339,213.56,1
5340,213.6,1
5341,213.64,1
5342,213.68,1
5343,213.72,1
5344,213.76,1
5345,213.8,1
5346,213.84,1
5347,213.88,1
5348,213.92,1
5349,213.96,1
5350,214.0,1
5351,214.04,1
5352,214.08,1
5353,214.12,1
5354,214.16,1
5355,214.2,1
5356,214.24,1
5357,214.28,1
5358,214.32,1
5359,214.36,1
5360,214.4,1
5361,214.44,1
5362,214.48,1
5363,214.52,1
5364,214.56,1
5365,214.6,1
5366,214.64,1
5367,214.68,1
5368,214.72,1
5369,214.76,1
5370,214.8,1
5371,214.84,1
5372,214.88,1
5373,214.92,1
5374,214.96,1
5375,215.0,1
5376,215.04,1
5377,215.08,1
5378,215.12,1
5379,215.16,1
5380,215.2,1
5381,215.24,1
5382,215.28,1
5383,215.32,1
5384,215.36,1
5385,215.4,1
5386,215.44,1
5387,215.48,1
5388,215.52,1
5389,215.56,1
5390,215.6,1
5391,215.64,1
5392,215.68,1
5393,215.72,1
5394,215.76,1
5395,215.8,1
5396,215.84,1
5397,215.88,1
5398,215.92,1
5399,215.96,1
5400,216.0,1
5401,216.04,1
5402,216.08,1
5403,216.12,1
5404,216.16,1
5405,216.2,1
5406,216.24,1
5407,216.28,1
5408,216.32,1
5409,216.36,1
5410,216.4,1
5411,216.44,1
5412,216.48,1
5413,216.52,1
5414,216.56,1
5415,216.6,1
5416,216.64,1
5417,216.68,1
5418,216.72,1
5419,216.76,1
5420,216.8,1
5421,216.84,1
5422,216.88,1
5423,216.92,1
5424,216.96,1
5425,217.0,1
5426,217.04,1
5427,217.08,1
5428,217.12,1
5429,217.16,1
5430,217.2,1
5431,217.24,1
5432,217.28,1
5433,217.32,1
5434,217.36,1
5435,217.4,1
5436,217.44,1
5437,217.48,1
5438,217.52,1
5439,217.56,1
5440,217.6,1
5441,217.64,1
5442,217.68,1
5443,217.72,1
5444,217.76,1
5445,217.8,1
5446,217.84,1
5447,217.88,1
5448,217.92,1
5449,217.96,1
5450,218.0,1
5451,218.04,1
5452,218.08,1
5453,218.12,1
5454,218.16,1
5455,218.2,1
5456,218.24,1
5457,218.28,1
5458,218.32,1
5459,218.36,1
5460,218.4,1
5461,218.44,1
5462,218.48,1
5463,218.52,1
5464,218.56,1
5465,218.6,1
5466,218.64,1
5467,218.68,1
5468,218.72,1
5469,218.76,1
5470,218.8,1
5471,218.84,1
5472,218.88,1
5473,218.92,1
5474,218.96,1
5475,219.0,1
5476,219.04,1
5477,219.08,1
5478,219.12,1
5479,219.16,1
5480,219.2,1
5481,219.24,1
5482,219.28,1
5483,219.32,1
5484,219.36,1
5485,219.4,1
5486,219.44,1
5487,219.48,1
5488,219.52,1
5489,219.56,1
5490,219.6,1
5491,219.64,1
5492,219.68,1
5493,219.72,1
5494,219.76,1
5495,219.8,1
5496,219.84,1
5497,219.88,1
5498,219.92,1
5499,219.96,1
5500,220.0,1
5501,220.04,1
5502,220.08,1
5503,220.12,1
5504,220.16,1
5505,220.2,1
5506,220.24,1
5507,220.28,1
5508,220.32,1
5509,220.36,1
5510,220.4,1
5511,220.44,1
5512,220.48,1
5513,220.52,1
5514,220.56,1
5515,220.6,1
5516,220.64,1
5517,220.68,1
5518,220.72,1
5519,220.76,1
5520,220.8,1
5521,220.84,1
5522,220.88,1
5523,220.92,1
5524,220.96,1
5525,221.0,1
5526,221.04,1
5527,221.08,1
5528,221.12,1
5529,221.16,1
5530,221.2,1
5531,221.24,1
5532,221.28,1
5533,221.32,1
5534,221.36,1
5535,221.4,1
5536,221.44,1
5537,221.48,1
5538,221.52,1
5539,221.56,1
5540,221.6,1
5541,221.64,1
5542,221.68,1
5543,221.72,1
5544,221.76,1
5545,221.8,1
5546,221.84,1
5547,221.88,1
5548,221.92,1
5549,221.96,1
5550,222.0,1
5551,222.04,1
5552,222.08,1
5553,222.12,1
5554,222.16,1
5555,222.2,1
5556,222.24,1
5557,222.28,1
5558,222.32,1
5559,222.36,1
5560,222.4,1
5561,222.44,1
5562,222.48,1
5563,222.52,1
5564,222.56,1
5565,222.6,1
5566,222.64,1
5567,222.68,1
5568,222.72,1
5569,222.76,1
5570,222.8,1
5571,222.84,1
5572,222.88,1
5573,222.92,1
5574,222.96,1
5575,223.0,1
5576,223.04,1
5577,223.08,1
5578,223.12,1
5579,223.16,1
5580,223.2,1
5581,223.24,1
5582,223.28,1
5583,223.32,1
5584,223.36,1
5585,223.4,1
5586,223.44,1
5587,223.48,1
5588,223.52,1
5589,223.56,1
5590,223.6,1
5591,223.64,1
5592,223.68,1
5593,223.72,1
5594,223.76,1
5595,223.8,1
5596,223.84,1
5597,223.88,1
5598,223.92,1
5599,223.96,1
5600,224.0,1
5601,224.04,1
5602,224.08,1
5603,224.12,1
5604,224.16,1
5605,224.2,1
5606,224.24,1
5607,224.28,1
5608,224.32,1
5609,224.36,1
5610,224.4,1
5611,224.44,1
5612,224.48,1
5613,224.52,1
5614,224.56,1
5615,224.6,1
5616,224.64,1
5617,224.68,1
5618,224.72,1
5619,224.76,1
5620,224.8,1
5621,224.84,1
5622,224.88,1
5623,224.92,1
5624,224.96,1
5625,225.0,1
5626,225.04,1
5627,225.08,1
5628,225.12,1
5629,225.16,1
5630,225.2,1
5631,225.24,1
5632,225.28,1
5633,225.32,1
5634,225.36,1
5635,225.4,1
5636,225.44,1
5637,225.48,1
5638,225.52,1
5639,225.56,1
5640,225.6,1
5641,225.64,1
5642,225.68,1
5643,225.72,1
5644,225.76,1
5645,225.8,1
5646,225.84,1
5647,225.88,1
5648,225.92,1
5649,225.96,1
5650,226.0,1
5651,226.04,1
5652,226.08,1
5653,226.12,1
5654,226.16,1
5655,226.2,1
5656,226.24,1
5657,226.28,1
5658,226.32,1
5659,226.36,1
5660,226.4,1
5661,226.44,1
5662,226.48,1
5663,226.52,1
5664,226.56,1
5665,226.6,1
5666,226.64,1
5667,226.68,1
5668,226.72,1
5669,226.76,1
5670,226.8,1
5671,226.84,1
5672,226.88,1
5673,226.92,1
5674,226.96,1
5675,227.0,1
5676,227.04,1
5677,227.08,1
5678,227.12,1
5679,227.16,1
5680,227.2,1
5681,227.24,1
5682,227.28,1
5683,227.32,1
5684,227.36,1
5685,227.4,1
5686,227.44,1
5687,227.48,1
5688,227.52,1
5689,227.56,1
5690,227.6,1
5691,227.64,1
5692,227.68,1
5693,227.72,1
5694,227.76,1
5695,227.8,1
5696,227.84,1
5697,227.88,1
5698,227.92,1
5699,227.96,1
5700,228.0,1
5701,228.04,1
5702,228.08,1
5703,228.12,1
5704,228.16,1
5705,228.2,1
5706,228.24,1
5707,228.28,1
5708,228.32,1
5709,228.36,1
5710,228.4,1
5711,228.44,1
5712,228.48,1
5713,228.52,1
5714,228.56,1
5715,228.6,1
5716,228.64,1
5717,228.68,1
5718,228.72,1
5719,228.76,1
5720,228.8,1
5721,228.84,1
5722,228.88,1
5723,228.92,1
5724,228.96,1
5725,229.0,1
5726,229.04,1
5727,229.08,1
5728,229.12,1
5729,229.16,1
5730,229.2,1
5731,229.24,1
5732,229.28,1
5733,229.32,1
5734,229.36,1
5735,229.4,1
5736,229.44,1
5737,229.48,1
5738,229.52,1
5739,229.56,1
5740,229.6,1
5741,229.64,1
5742,229.68,1
5743,229.72,1
5744,229.76,1
5745,229.8,1
5746,229.84,1
5747,229.88,1
5748,229.92,1
5749,229.96,1
5750,230.0,1
5751,230.04,1
5752,230.08,1
5753,230.12,1
5754,230.16,1
5755,230.2,1
5756,230.24,1
5757,230.28,1
5758,230.32,1
5759,230.36,1
5760,230.4,1
5761,230.44,1
5762,230.48,1
5763,230.52,1
5764,230.56,1
5765,230.6,1
5766,230.64,1
5767,230.68,1
5768,230.72,1
5769,230.76,1
5770,230.8,1
5771,230.84,1
5772,230.88,1
5773,230.92,1
5774,230.96,1
5775,231.0,1
5776,231.04,1
5777,231.08,1
5778,231.12,1
5779,231.16,1
5780,231.2,1
5781,231.24,1
5782,231.28,1
5783,231.32,1
5784,231.36,1
5785,231.4,1
5786,231.44,1
5787,231.48,1
5788,231.52,1
5789,231.56,1
5790,231.6,1
5791,231.64,1
5792,231.68,1
5793,231.72,1
5794,231.76,1
5795,231.8,1
5796,231.84,1
5797,231.88,1
5798,231.92,1
5799,231.96,1
5800,232.0,1
5801,232.04,1
5802,232.08,1
5803,232.12,1
5804,232.16,1
5805,232.2,1
5806,232.24,1
5807,232.28,1
5808,232.32,1
5809,232.36,1
5810,232.4,1
5811,232.44,1
5812,232.48,1
5813,232.52,1
5814,232.56,1
5815,232.6,1
5816,232.64,1
5817,232.68,1
5818,232.72,1
5819,232.76,1
5820,232.8,1
5821,232.84,1
5822,232.88,1
5823,232.92,1
5824,232.96,1
5825,233.0,1
5826,233.04,1
5827,233.08,1
5828,233.12,1
5829,233.16,1
5830,233.2,1
5831,233.24,1
5832,233.28,1
5833,233.32,1
5834,233.36,1
5835,233.4,1
5836,233.44,0
5837,233.48,0
5838,233.52,0
5839,233.56,0
5840,233.6,0
5841,233.64,0
5842,233.68,0
5843,233.72,0
5844,233.76,0
5845,233.8,0
5846,233.84,0
5847,233.88,0
5848,233.92,0
5849,233.96,0
5850,234.0,0
5851,234.04,0
5852,234.08,0
5853,234.12,0
5854,234.16,0
5855,234.2,0
5856,234.24,0
5857,234.28,0
5858,234.32,0
5859,234.36,0
5860,234.4,0
5861,234.44,0
5862,234.48,0
5863,234.52,0
5864,234.56,0
5865,234.6,0
5866,234.64,0
5867,234.68,0
5868,234.72,0
5869,234.76,0
5870,234.8,0
5871,234.84,0
5872,234.88,0
5873,234.92,0
5874,234.96,0
5875,235.0,0
5876,235.04,0
5877,235.08,0
5878,235.12,0
5879,235.16,0
5880,235.2,0
5881,235.24,0
5882,235.28,0
5883,235.32,0
5884,235.36,0
5885,235.4,0
5886,235.44,0
5887,235.48,0
5888,235.52,0
5889,235.56,0
5890,235.6,0
5891,235.64,0
5892,235.68,0
5893,235.72,0
5894,235.76,0
5895,235.8,1
5896,235.84,1
5897,235.88,1
5898,235.92,1
5899,235.96,1
5900,236.0,1
5901,236.04,1
5902,236.08,1
5903,236.12,1
5904,236.16,1
5905,236.2,1
5906,236.24,1
5907,236.28,1
5908,236.32,1
5909,236.36,1
5910,236.4,1
5911,236.44,1
5912,236.48,1
5913,236.52,1
5914,236.56,1
5915,236.6,1
5916,236.64,1
5917,236.68,1
5918,236.72,1
5919,236.76,1
5920,236.8,1
5921,236.84,1
5922,236.88,1
5923,236.92,1
5924,236.96,1
5925,237.0,1
5926,237.04,1
5927,237.08,1
5928,237.12,1
5929,237.16,1
5930,237.2,1
5931,237.24,1
5932,237.28,1
5933,237.32,1
5934,237.36,1
5935,237.4,1
5936,237.44,1
5937,237.48,1
5938,237.52,1
5939,237.56,1
5940,237.6,1
5941,237.64,1
5942,237.68,1
5943,237.72,1
5944,237.76,1
5945,237.8,1
5946,237.84,1
5947,237.88,1
5948,237.92,1
5949,237.96,1
5950,238.0,1
5951,238.04,1
5952,238.08,1
5953,238.12,1
5954,238.16,1
5955,238.2,1
5956,238.24,1
5957,238.28,1
5958,238.32,1
5959,238.36,1
5960,238.4,1
5961,238.44,1
5962,238.48,1
5963,238.52,1
5964,238.56,1
5965,238.6,1
5966,238.64,1
5967,238.68,1
5968,238.72,1
5969,238.76,1
5970,238.8,1
5971,238.84,1
5972,238.88,1
5973,238.92,1
5974,238.96,1
5975,239.0,1
5976,239.04,1
5977,239.08,1
5978,239.12,1
5979,239.16,1
5980,239.2,1
5981,239.24,1
5982,239.28,1
5983,239.32,1
5984,239.36,1
5985,239.4,1
5986,239.44,1
5987,239.48,1
5988,239.52,0
5989,239.56,0
5990,239.6,0
5991,239.64,0
5992,239.68,0
5993,239.72,0
5994,239.76,0
5995,239.8,0
5996,239.84,0
5997,239.88,0
5998,239.92,0
5999,239.96,0
6000,240.0,0
6001,240.04,0
6002,240.08,0
6003,240.12,0
6004,240.16,0
6005,240.2,0
6006,240.24,0
6007,240.28,0
6008,240.32,0
6009,240.36,0
6010,240.4,0
6011,240.44,0
6012,240.48,0
6013,240.52,0
6014,240.56,0
6015,240.6,0
6016,240.64,0
6017,240.68,0
6018,240.72,0
6019,240.76,0
6020,240.8,0
6021,240.84,0
6022,240.88,0
6023,240.92,0
6024,240.96,0
6025,241.0,0
6026,241.04,0
6027,241.08,0
6028,241.12,0
6029,241.16,0
6030,241.2,0
6031,241.24,0
6032,241.28,0
6033,241.32,0
6034,241.36,0
6035,241.4,0
6036,241.44,0
6037,241.48,0
6038,241.52,0
6039,241.56,0
6040,241.6,0
6041,241.64,0
6042,241.68,0
6043,241.72,0
6044,241.76,0
6045,241.8,0
6046,241.84,0
6047,241.88,0
6048,241.92,0
6049,241.96,0
6050,242.0,0
6051,242.04,0
6052,242.08,0
6053,242.12,0
6054,242.16,0
6055,242.2,0
6056,242.24,0
6057,242.28,0
6058,242.32,0
6059,242.36,0
6060,242.4,0
6061,242.44,0
6062,242.48,0
6063,242.52,0
6064,242.56,0
6065,242.6,0
6066,242.64,0
6067,242.68,0
6068,242.72,0
6069,242.76,0
6070,242.8,0
6071,242.84,0
6072,242.88,0
6073,242.92,0
6074,242.96,0
6075,243.0,0
6076,243.04,0
6077,243.08,0
6078,243.12,0
6079,243.16,0
6080,243.2,0
6081,243.24,0
6082,243.28,0
6083,243.32,0
6084,243.36,0
6085,243.4,0
6086,243.44,0
6087,243.48,0
6088,243.52,0
6089,243.56,0
6090,243.6,0
6091,243.64,0
6092,243.68,0
6093,243.72,0
6094,243.76,0
6095,243.8,0
6096,243.84,0
6097,243.88,0
6098,243.92,0
6099,243.96,0
6100,244.0,0
6101,244.04,0
6102,244.08,0
6103,244.12,0
6104,244.16,0
6105,244.2,1
6106,244.24,1
6107,244.28,1
6108,244.32,1
6109,244.36,1
6110,244.4,1
6111,244.44,1
6112,244.48,1
6113,244.52,1
6114,244.56,1
6115,244.6,1
6116,244.64,1
6117,244.68,1
6118,244.72,1
6119,244.76,1
6120,244.8,1
6121,244.84,1
6122,244.88,1
6123,244.92,1
6124,244.96,1
6125,245.0,1
6126,245.04,1
6127,245.08,1
6128,245.12,1
6129,245.16,1
6130,245.2,1
6131,245.24,1
6132,245.28,1
6133,245.32,1
6134,245.36,1
6135,245.4,1
6136,245.44,1
6137,245.48,1
6138,245.52,1
6139,245.56,1
6140,245.6,1
6141,245.64,1
6142,245.68,1
6143,245.72,1
6144,245.76,1
6145,245.8,1
6146,245.84,1
6147,245.88,1
6148,245.92,1
6149,245.96,1
6150,246.0,1
6151,246.04,1
6152,246.08,1
6153,246.12,1
6154,246.16,1
6155,246.2,1
6156,246.24,1
6157,246.28,1
6158,246.32,1
6159,246.36,1
6160,246.4,1
6161,246.44,1
6162,246.48,1
6163,246.52,1
6164,246.56,1
6165,246.6,1
6166,246.64,1
6167,246.68,1
6168,246.72,1
6169,246.76,1
6170,246.8,1
6171,246.84,1
6172,246.88,1
6173,246.92,1
6174,246.96,1
6175,247.0,1
6176,247.04,1
6177,247.08,1
6178,247.12,1
6179,247.16,1
6180,247.2,1
6181,247.24,1
6182,247.28,1
6183,247.32,1
6184,247.36,1
6185,247.4,1
6186,247.44,1
6187,247.48,1
6188,247.52,1
6189,247.56,1
6190,247.6,1
6191,247.64,1
6192,247.68,1
6193,247.72,1
6194,247.76,1
6195,247.8,1
6196,247.84,1
6197,247.88,1
6198,247.92,1
6199,247.96,1
6200,248.0,1
6201,248.04,1
6202,248.08,1
6203,248.12,1
6204,248.16,1
6205,248.2,1
6206,248.24,1
6207,248.28,1
6208,248.32,1
6209,248.36,1
6210,248.4,1
6211,248.44,1
6212,248.48,1
6213,248.52,1
6214,248.56,1
6215,248.6,1
6216,248.64,0
6217,248.68,0
6218,248.72,0
6219,248.76,0
6220,248.8,0
6221,248.84,0
6222,248.88,0
6223,248.92,0
6224,248.96,0
6225,249.0,0
6226,249.04,0
6227,249.08,0
6228,249.12,0
6229,249.16,0
6230,249.2,0
6231,249.24,0
6232,249.28,0
6233,249.32,0
6234,249.36,0
6235,249.4,0
6236,249.44,0
6237,249.48,0
6238,249.52,0
6239,249.56,0
6240,249.6,0
6241,249.64,0
6242,249.68,0
6243,249.72,0
6244,249.76,0
6245,249.8,0
6246,249.84,0
6247,249.88,0
6248,249.92,0
6249,249.96,0
6250,250.0,0
6251,250.04,0
6252,250.08,0
6253,250.12,0
6254,250.16,0
6255,250.2,0
6256,250.24,0
6257,250.28,0
6258,250.32,0
6259,250.36,0
6260,250.4,0
6261,250.44,0
6262,250.48,0
6263,250.52,0
6264,250.56,0
6265,250.6,1
6266,250.64,1
6267,250.68,1
6268,250.72,1
6269,250.76,1
6270,250.8,1
6271,250.84,1
6272,250.88,1
6273,250.92,1
6274,250.96,1
6275,251.0,1
6276,251.04,1
6277,251.08,1
6278,251.12,1
6279,251.16,1
6280,251.2,1
6281,251.24,1
6282,251.28,1
6283,251.32,1
6284,251.36,1
6285,251.4,1
6286,251.44,1
6287,251.48,1
6288,251.52,1
6289,251.56,1
6290,251.6,1
6291,251.64,1
6292,251.68,1
6293,251.72,1
6294,251.76,1
6295,251.8,0
6296,251.84,0
6297,251.88,0
6298,251.92,0
6299,251.96,0
6300,252.0,0
6301,252.04,0
6302,252.08,0
6303,252.12,0
6304,252.16,0
6305,252.2,0
6306,252.24,0
6307,252.28,0
6308,252.32,0
6309,252.36,0
6310,252.4,0
6311,252.44,0
6312,252.48,0
6313,252.52,0
6314,252.56,0
6315,252.6,0
6316,252.64,0
6317,252.68,0
6318,252.72,1
6319,252.76,1
6320,252.8,1
6321,252.84,1
6322,252.88,1
6323,252.92,1
6324,252.96,1
6325,253.0,1
6326,253.04,1
6327,253.08,1
6328,253.12,1
6329,253.16,1
6330,253.2,1
6331,253.24,1
6332,253.28,1
6333,253.32,1
6334,253.36,1
6335,253.4,1
6336,253.44,1
6337,253.48,1
6338,253.52,1
6339,253.56,1
6340,253.6,1
6341,253.64,1
6342,253.68,1
6343,253.72,1
6344,253.76,1
6345,253.8,1
6346,253.84,1
6347,253.88,1
6348,253.92,1
6349,253.96,1
6350,254.0,1
6351,254.04,1
6352,254.08,1
6353,254.12,1
6354,254.16,1
6355,254.2,1
6356,254.24,1
6357,254.28,1
6358,254.32,1
6359,254.36,1
6360,254.4,1
6361,254.44,1
6362,254.48,1
6363,254.52,1
6364,254.56,1
6365,254.6,1
6366,254.64,1
6367,254.68,1
6368,254.72,1
6369,254.76,1
6370,254.8,1
6371,254.84,1
6372,254.88,1
6373,254.92,1
6374,254.96,1
6375,255.0,1
6376,255.04,1
6377,255.08,1
6378,255.12,1
6379,255.16,1
6380,255.2,1
6381,255.24,1
6382,255.28,1
6383,255.32,1
6384,255.36,1
6385,255.4,1
6386,255.44,1
6387,255.48,1
6388,255.52,1
6389,255.56,1
6390,255.6,1
6391,255.64,1
6392,255.68,1
6393,255.72,1
6394,255.76,1
6395,255.8,1
6396,255.84,1
6397,255.88,1
6398,255.92,1
6399,255.96,1
6400,256.0,1
6401,256.04,1
6402,256.08,1
6403,256.12,1
6404,256.16,1
6405,256.2,1
6406,256.24,1
6407,256.28,1
6408,256.32,1
6409,256.36,1
6410,256.4,1
6411,256.44,1
6412,256.48,1
6413,256.52,1
6414,256.56,1
6415,256.6,1
6416,256.64,1
6417,256.68,1
6418,256.72,1
6419,256.76,1
6420,256.8,1
6421,256.84,1
6422,256.88,1
6423,256.92,1
6424,256.96,1
6425,257.0,1
6426,257.04,1
6427,257.08,1
6428,257.12,1
6429,257.16,1
6430,257.2,1
6431,257.24,1
6432,257.28,1
6433,257.32,1
6434,257.36,1
6435,257.4,1
6436,257.44,1
6437,257.48,1
6438,257.52,1
6439,257.56,1
6440,257.6,1
6441,257.64,1
6442,257.68,1
6443,257.72,1
6444,257.76,1
6445,257.8,1
6446,257.84,1
6447,257.88,1
6448,257.92,1
6449,257.96,1
6450,258.0,1
6451,258.04,1
6452,258.08,1
6453,258.12,1
6454,258.16,1
6455,258.2,1
6456,258.24,1
6457,258.28,1
6458,258.32,1
6459,258.36,1
6460,258.4,1
6461,258.44,1
6462,258.48,1
6463,258.52,1
6464,258.56,1
6465,258.6,1
6466,258.64,1
6467,258.68,1
6468,258.72,1
6469,258.76,1
6470,258.8,1
6471,258.84,1
6472,258.88,1
6473,258.92,1
6474,258.96,1
6475,259.0,1
6476,259.04,1
6477,259.08,1
6478,259.12,1
6479,259.16,1
6480,259.2,1
6481,259.24,1
6482,259.28,1
6483,259.32,1
6484,259.36,1
6485,259.4,1
6486,259.44,1
6487,259.48,1
6488,259.52,1
6489,259.56,1
6490,259.6,1
6491,259.64,1
6492,259.68,1
6493,259.72,1
6494,259.76,1
6495,259.8,1
6496,259.84,1
6497,259.88,1
6498,259.92,1
6499,259.96,1
6500,260.0,1
6501,260.04,1
6502,260.08,1
6503,260.12,1
6504,260.16,1
6505,260.2,1
6506,260.24,1
6507,260.28,1
6508,260.32,1
6509,260.36,1
6510,260.4,1
6511,260.44,1
6512,260.48,1
6513,260.52,1
6514,260.56,1
6515,260.6,1
6516,260.64,1
6517,260.68,1
6518,260.72,1
6519,260.76,1
6520,260.8,1
6521,260.84,1
6522,260.88,1
6523,260.92,1
6524,260.96,1
6525,261.0,1
6526,261.04,1
6527,261.08,1
6528,261.12,1
6529,261.16,1
6530,261.2,1
6531,261.24,1
6532,261.28,1
6533,261.32,1
6534,261.36,1
6535,261.4,1
6536,261.44,1
6537,261.48,1
6538,261.52,1
6539,261.56,1
6540,261.6,1
6541,261.64,1
6542,261.68,1
6543,261.72,1
6544,261.76,1
6545,261.8,1
6546,261.84,1
6547,261.88,1
6548,261.92,1
6549,261.96,1
6550,262.0,1
6551,262.04,1
6552,262.08,1
6553,262.12,1
6554,262.16,1
6555,262.2,1
6556,262.24,1
6557,262.28,1
6558,262.32,1
6559,262.36,1
6560,262.4,1
6561,262.44,1
6562,262.48,1
6563,262.52,1
6564,262.56,1
6565,262.6,1
6566,262.64,1
6567,262.68,1
6568,262.72,1
6569,262.76,1
6570,262.8,1
6571,262.84,1
6572,262.88,1
6573,262.92,1
6574,262.96,1
6575,263.0,1
6576,263.04,1
6577,263.08,1
6578,263.12,1
6579,263.16,1
6580,263.2,0
6581,263.24,0
6582,263.28,0
6583,263.32,0
6584,263.36,0
6585,263.4,0
6586,263.44,0
6587,263.48,0
6588,263.52,0
6589,263.56,0
6590,263.6,0
6591,263.64,0
6592,263.68,0
6593,263.72,0
6594,263.76,0
6595,263.8,0
6596,263.84,0
6597,263.88,0
6598,263.92,0
6599,263.96,0
6600,264.0,0
6601,264.04,0
6602,264.08,0
6603,264.12,0
6604,264.16,0
6605,264.2,0
6606,264.24,0
6607,264.28,0
6608,264.32,1
6609,264.36,1
6610,264.4,1
6611,264.44,1
6612,264.48,1
6613,264.52,1
6614,264.56,1
6615,264.6,1
6616,264.64,1
6617,264.68,1
6618,264.72,1
6619,264.76,1
6620,264.8,1
6621,264.84,1
6622,264.88,1
6623,264.92,1
6624,264.96,1
6625,265.0,1
6626,265.04,1
6627,265.08,1
6628,265.12,1
6629,265.16,1
6630,265.2,1
6631,265.24,1
6632,265.28,1
6633,265.32,1
6634,265.36,1
6635,265.4,1
6636,265.44,1
6637,265.48,1
6638,265.52,1
6639,265.56,1
6640,265.6,1
6641,265.64,1
6642,265.68,1
6643,265.72,1
6644,265.76,1
6645,265.8,1
6646,265.84,1
6647,265.88,1
6648,265.92,1
6649,265.96,1
6650,266.0,1
6651,266.04,1
6652,266.08,1
6653,266.12,1
6654,266.16,1
6655,266.2,1
6656,266.24,1
6657,266.28,1
6658,266.32,1
6659,266.36,1
6660,266.4,1
6661,266.44,1
6662,266.48,1
6663,266.52,1
6664,266.56,1
6665,266.6,1
6666,266.64,1
6667,266.68,1
6668,266.72,1
6669,266.76,1
6670,266.8,1
6671,266.84,1
6672,266.88,1
6673,266.92,1
6674,266.96,1
6675,267.0,1
6676,267.04,1
6677,267.08,1
6678,267.12,1
6679,267.16,1
6680,267.2,1
6681,267.24,1
6682,267.28,1
6683,267.32,1
6684,267.36,1
6685,267.4,1
6686,267.44,1
6687,267.48,1
6688,267.52,1
6689,267.56,1
6690,267.6,1
6691,267.64,1
6692,267.68,1
6693,267.72,1
6694,267.76,1
6695,267.8,1
6696,267.84,1
6697,267.88,1
6698,267.92,1
6699,267.96,1
6700,268.0,1
6701,268.04,1
6702,268.08,1
6703,268.12,1
6704,268.16,1
6705,268.2,1
6706,268.24,1
6707,268.28,1
6708,268.32,1
6709,268.36,1
6710,268.4,1
6711,268.44,1
6712,268.48,1
6713,268.52,1
6714,268.56,1
6715,268.6,1
6716,268.64,1
6717,268.68,1
6718,268.72,1
6719,268.76,1
6720,268.8,1
6721,268.84,1
6722,268.88,1
6723,268.92,1
6724,268.96,1
6725,269.0,1
6726,269.04,1
6727,269.08,1
6728,269.12,1
6729,269.16,1
6730,269.2,1
6731,269.24,1
6732,269.28,1
6733,269.32,1
6734,269.36,1
6735,269.4,1
6736,269.44,1
6737,269.48,1
6738,269.52,1
6739,269.56,1
6740,269.6,1
6741,269.64,1
6742,269.68,1
6743,269.72,1
6744,269.76,1
6745,269.8,1
6746,269.84,1
6747,269.88,1
6748,269.92,1
6749,269.96,1
6750,270.0,1
6751,270.04,1
6752,270.08,1
6753,270.12,1
6754,270.16,1
6755,270.2,1
6756,270.24,1
6757,270.28,1
6758,270.32,1
6759,270.36,1
6760,270.4,1
6761,270.44,1
6762,270.48,1
6763,270.52,1
6764,270.56,1
6765,270.6,1
6766,270.64,1
6767,270.68,1
6768,270.72,1
6769,270.76,1
6770,270.8,1
6771,270.84,1
6772,270.88,1
6773,270.92,1
6774,270.96,1
6775,271.0,1
6776,271.04,1
6777,271.08,1
6778,271.12,1
6779,271.16,1
6780,271.2,1
6781,271.24,1
6782,271.28,1
6783,271.32,1
6784,271.36,1
6785,271.4,1
6786,271.44,1
6787,271.48,1
6788,271.52,1
6789,271.56,1
6790,271.6,1
6791,271.64,1
6792,271.68,1
6793,271.72,1
6794,271.76,1
6795,271.8,1
6796,271.84,1
6797,271.88,1
6798,271.92,1
6799,271.96,1
6800,272.0,1
6801,272.04,1
6802,272.08,1
6803,272.12,1
6804,272.16,1
6805,272.2,1
6806,272.24,1
6807,272.28,1
6808,272.32,1
6809,272.36,1
6810,272.4,1
6811,272.44,1
6812,272.48,1
6813,272.52,1
6814,272.56,1
6815,272.6,1
6816,272.64,1
6817,272.68,1
6818,272.72,1
6819,272.76,1
6820,272.8,1
6821,272.84,1
6822,272.88,1
6823,272.92,1
6824,272.96,1
6825,273.0,1
6826,273.04,1
6827,273.08,1
6828,273.12,1
6829,273.16,1
6830,273.2,1
6831,273.24,1
6832,273.28,1
6833,273.32,1
6834,273.36,1
6835,273.4,1
6836,273.44,1
6837,273.48,1
6838,273.52,1
6839,273.56,1
6840,273.6,1
6841,273.64,1
6842,273.68,1
6843,273.72,1
6844,273.76,1
6845,273.8,1
6846,273.84,1
6847,273.88,1
6848,273.92,1
6849,273.96,1
6850,274.0,1
6851,274.04,1
6852,274.08,1
6853,274.12,1
6854,274.16,1
6855,274.2,1
6856,274.24,1
6857,274.28,1
6858,274.32,1
6859,274.36,1
6860,274.4,1
6861,274.44,1
6862,274.48,1
6863,274.52,1
6864,274.56,1
6865,274.6,1
6866,274.64,1
6867,274.68,1
6868,274.72,1
6869,274.76,1
6870,274.8,1
6871,274.84,1
6872,274.88,1
6873,274.92,1
6874,274.96,1
6875,275.0,1
6876,275.04,1
6877,275.08,1
6878,275.12,1
6879,275.16,1
6880,275.2,1
6881,275.24,1
6882,275.28,1
6883,275.32,1
6884,275.36,1
6885,275.4,1
6886,275.44,1
6887,275.48,1
6888,275.52,1
6889,275.56,1
6890,275.6,1
6891,275.64,1
6892,275.68,1
6893,275.72,1
6894,275.76,1
6895,275.8,1
6896,275.84,1
6897,275.88,1
6898,275.92,1
6899,275.96,1
6900,276.0,1
6901,276.04,1
6902,276.08,1
6903,276.12,1
6904,276.16,1
6905,276.2,1
6906,276.24,1
6907,276.28,1
6908,276.32,1
6909,276.36,1
6910,276.4,1
6911,276.44,1
6912,276.48,1
6913,276.52,1
6914,276.56,1
6915,276.6,1
6916,276.64,1
6917,276.68,1
6918,276.72,1
6919,276.76,1
6920,276.8,1
6921,276.84,1
6922,276.88,1
6923,276.92,1
6924,276.96,1
6925,277.0,1
6926,277.04,1
6927,277.08,1
6928,277.12,1
6929,277.16,1
6930,277.2,1
6931,277.24,1
6932,277.28,1
6933,277.32,1
6934,277.36,1
6935,277.4,1
6936,277.44,1
6937,277.48,1
6938,277.52,1
6939,277.56,1
6940,277.6,1
6941,277.64,1
6942,277.68,1
6943,277.72,1
6944,277.76,1
6945,277.8,1
6946,277.84,1
6947,277.88,1
6948,277.92,1
6949,277.96,1
6950,278.0,1
6951,278.04,1
6952,278.08,1
6953,278.12,1
6954,278.16,1
6955,278.2,1
6956,278.24,1
6957,278.28,1
6958,278.32,1
6959,278.36,1
6960,278.4,1
6961,278.44,1
6962,278.48,1
6963,278.52,1
6964,278.56,1
6965,278.6,1
6966,278.64,1
6967,278.68,1
6968,278.72,1
6969,278.76,1
6970,278.8,1
6971,278.84,1
6972,278.88,1
6973,278.92,1
6974,278.96,1
6975,279.0,1
6976,279.04,1
6977,279.08,1
6978,279.12,1
6979,279.16,1
6980,279.2,1
6981,279.24,1
6982,279.28,1
6983,279.32,1
6984,279.36,1
6985,279.4,1
6986,279.44,1
6987,279.48,1
6988,279.52,1
6989,279.56,1
6990,279.6,1
6991,279.64,1
6992,279.68,1
6993,279.72,1
6994,279.76,1
6995,279.8,1
6996,279.84,1
6997,279.88,1
6998,279.92,1
6999,279.96,1
7000,280.0,1
7001,280.04,1
7002,280.08,1
7003,280.12,1
7004,280.16,1
7005,280.2,1
7006,280.24,1
7007,280.28,1
7008,280.32,1
7009,280.36,1
7010,280.4,1
7011,280.44,1
7012,280.48,1
7013,280.52,1
7014,280.56,1
7015,280.6,1
7016,280.64,1
7017,280.68,1
7018,280.72,1
7019,280.76,1
7020,280.8,1
7021,280.84,1
7022,280.88,1
7023,280.92,1
7024,280.96,1
7025,281.0,1
7026,281.04,1
7027,281.08,1
7028,281.12,1
7029,281.16,1
7030,281.2,1
7031,281.24,1
7032,281.28,1
7033,281.32,1
7034,281.36,1
7035,281.4,1
7036,281.44,1
7037,281.48,1
7038,281.52,1
7039,281.56,1
7040,281.6,1
7041,281.64,1
7042,281.68,1
7043,281.72,1
7044,281.76,1
7045,281.8,1
7046,281.84,1
7047,281.88,1
7048,281.92,1
7049,281.96,1
7050,282.0,1
7051,282.04,1
7052,282.08,1
7053,282.12,1
7054,282.16,1
7055,282.2,1
7056,282.24,1
7057,282.28,1
7058,282.32,1
7059,282.36,0
7060,282.4,0
7061,282.44,0
7062,282.48,0
7063,282.52,0
7064,282.56,0
7065,282.6,0
7066,282.64,0
7067,282.68,0
7068,282.72,0
7069,282.76,0
7070,282.8,0
7071,282.84,0
7072,282.88,0
7073,282.92,0
7074,282.96,0
7075,283.0,0
7076,283.04,0
7077,283.08,0
7078,283.12,0
7079,283.16,0
7080,283.2,0
7081,283.24,0
7082,283.28,1
7083,283.32,1
7084,283.36,1
7085,283.4,1
7086,283.44,1
7087,283.48,1
7088,283.52,1
7089,283.56,1
7090,283.6,1
7091,283.64,1
7092,283.68,1
7093,283.72,1
7094,283.76,1
7095,283.8,1
7096,283.84,1
7097,283.88,1
7098,283.92,1
7099,283.96,1
7100,284.0,1
7101,284.04,1
7102,284.08,1
7103,284.12,1
7104,284.16,1
7105,284.2,1
7106,284.24,1
7107,284.28,1
7108,284.32,1
7109,284.36,1
7110,284.4,1
7111,284.44,1
7112,284.48,1
7113,284.52,1
7114,284.56,1
7115,284.6,1
7116,284.64,1
7117,284.68,1
7118,284.72,1
7119,284.76,1
7120,284.8,1
7121,284.84,1
7122,284.88,1
7123,284.92,1
7124,284.96,1
7125,285.0,1
7126,285.04,1
7127,285.08,0
7128,285.12,0
7129,285.16,0
7130,285.2,0
7131,285.24,0
7132,285.28,0
7133,285.32,0
7134,285.36,0
7135,285.4,0
7136,285.44,0
7137,285.48,0
7138,285.52,0
7139,285.56,0
7140,285.6,0
7141,285.64,0
7142,285.68,0
7143,285.72,0
7144,285.76,0
7145,285.8,0
7146,285.84,0
7147,285.88,1
7148,285.92,1
7149,285.96,1
7150,286.0,1
7151,286.04,1
7152,286.08,1
7153,286.12,1
7154,286.16,1
7155,286.2,1
7156,286.24,1
7157,286.28,1
7158,286.32,1
7159,286.36,0
7160,286.4,0
7161,286.44,0
7162,286.48,0
7163,286.52,0
7164,286.56,0
7165,286.6,0
7166,286.64,0
7167,286.68,0
7168,286.72,0
7169,286.76,0
7170,286.8,0
7171,286.84,0
7172,286.88,0
7173,286.92,1
7174,286.96,1
7175,287.0,1
7176,287.04,1
7177,287.08,1
7178,287.12,1
7179,287.16,1
7180,287.2,1
7181,287.24,1
7182,287.28,1
7183,287.32,1
7184,287.36,1
7185,287.4,1
7186,287.44,1
7187,287.48,1
7188,287.52,1
7189,287.56,1
7190,287.6,1
7191,287.64,1
7192,287.68,1
7193,287.72,1
7194,287.76,1
7195,287.8,1
7196,287.84,1
7197,287.88,1
7198,287.92,1
7199,287.96,1
7200,288.0,1
7201,288.04,1
7202,288.08,1
7203,288.12,1
7204,288.16,1
7205,288.2,1
7206,288.24,1
7207,288.28,1
7208,288.32,1
7209,288.36,1
7210,288.4,1
7211,288.44,1
7212,288.48,1
7213,288.52,1
7214,288.56,1
7215,288.6,1
7216,288.64,1
7217,288.68,1
7218,288.72,1
7219,288.76,1
7220,288.8,1
7221,288.84,1
7222,288.88,1
7223,288.92,1
7224,288.96,1
7225,289.0,1
7226,289.04,1
7227,289.08,1
7228,289.12,1
7229,289.16,1
7230,289.2,0
7231,289.24,0
7232,289.28,0
7233,289.32,0
7234,289.36,0
7235,289.4,0
7236,289.44,0
7237,289.48,0
7238,289.52,0
7239,289.56,0
7240,289.6,0
7241,289.64,0
7242,289.68,0
7243,289.72,0
7244,289.76,0
7245,289.8,1
7246,289.84,1
7247,289.88,1
7248,289.92,1
7249,289.96,1
7250,290.0,1
7251,290.04,1
7252,290.08,1
7253,290.12,1
7254,290.16,1
7255,290.2,1
7256,290.24,1
7257,290.28,1
7258,290.32,1
7259,290.36,1
7260,290.4,1
7261,290.44,1
7262,290.48,1
7263,290.52,1
7264,290.56,1
7265,290.6,1
7266,290.64,1
7267,290.68,1
7268,290.72,1
7269,290.76,1
7270,290.8,1
7271,290.84,1
7272,290.88,1
7273,290.92,1
7274,290.96,1
7275,291.0,1
7276,291.04,1
7277,291.08,1
7278,291.12,1
7279,291.16,1
7280,291.2,1
7281,291.24,1
7282,291.28,1
7283,291.32,1
7284,291.36,1
7285,291.4,1
7286,291.44,1
7287,291.48,1
7288,291.52,1
7289,291.56,1
7290,291.6,1
7291,291.64,1
7292,291.68,1
7293,291.72,1
7294,291.76,1
7295,291.8,1
7296,291.84,1
7297,291.88,1
7298,291.92,1
7299,291.96,1
7300,292.0,1
7301,292.04,1
7302,292.08,1
7303,292.12,1
7304,292.16,1
7305,292.2,1
7306,292.24,1
7307,292.28,1
7308,292.32,1
7309,292.36,1
7310,292.4,1
7311,292.44,1
7312,292.48,1
7313,292.52,1
7314,292.56,1
7315,292.6,1
7316,292.64,1
7317,292.68,1
7318,292.72,1
7319,292.76,1
7320,292.8,1
7321,292.84,1
7322,292.88,1
7323,292.92,1
7324,292.96,1
7325,293.0,1
7326,293.04,1
7327,293.08,1
7328,293.12,1
7329,293.16,1
7330,293.2,1
7331,293.24,1
7332,293.28,1
7333,293.32,1
7334,293.36,1
7335,293.4,1
7336,293.44,1
7337,293.48,1
7338,293.52,1
7339,293.56,1
7340,293.6,1
7341,293.64,1
7342,293.68,1
7343,293.72,1
7344,293.76,1
7345,293.8,1
7346,293.84,1
7347,293.88,1
7348,293.92,1
7349,293.96,1
7350,294.0,1
7351,294.04,1
7352,294.08,1
7353,294.12,1
7354,294.16,1
7355,294.2,1
7356,294.24,1
7357,294.28,1
7358,294.32,1
7359,294.36,1
7360,294.4,1
7361,294.44,1
7362,294.48,1
7363,294.52,1
7364,294.56,1
7365,294.6,1
7366,294.64,1
7367,294.68,1
7368,294.72,1
7369,294.76,1
7370,294.8,1
7371,294.84,1
7372,294.88,1
7373,294.92,1
7374,294.96,1
7375,295.0,1
7376,295.04,1
7377,295.08,1
7378,295.12,1
7379,295.16,1
7380,295.2,1
7381,295.24,1
7382,295.28,1
7383,295.32,1
7384,295.36,1
7385,295.4,1
7386,295.44,1
7387,295.48,1
7388,295.52,1
7389,295.56,1
7390,295.6,1
7391,295.64,1
7392,295.68,1
7393,295.72,1
7394,295.76,1
7395,295.8,1
7396,295.84,1
7397,295.88,1
7398,295.92,1
7399,295.96,1
7400,296.0,1
7401,296.04,1
7402,296.08,1
7403,296.12,1
7404,296.16,1
7405,296.2,1
7406,296.24,1
7407,296.28,1
7408,296.32,1
7409,296.36,1
7410,296.4,1
7411,296.44,1
7412,296.48,1
7413,296.52,1
7414,296.56,1
7415,296.6,1
7416,296.64,1
7417,296.68,1
7418,296.72,0
7419,296.76,0
7420,296.8,0
7421,296.84,0
7422,296.88,0
7423,296.92,0
7424,296.96,0
7425,297.0,0
7426,297.04,0
7427,297.08,0
7428,297.12,0
7429,297.16,0
7430,297.2,0
7431,297.24,0
7432,297.28,1
7433,297.32,1
7434,297.36,1
7435,297.4,1
7436,297.44,1
7437,297.48,1
7438,297.52,1
7439,297.56,1
7440,297.6,1
7441,297.64,1
7442,297.68,1
7443,297.72,1
7444,297.76,1
7445,297.8,1
7446,297.84,1
7447,297.88,1
7448,297.92,1
7449,297.96,1
7450,298.0,1
7451,298.04,1
7452,298.08,0
7453,298.12,0
7454,298.16,0
7455,298.2,0
7456,298.24,0
7457,298.28,0
7458,298.32,0
7459,298.36,0
7460,298.4,0
7461,298.44,0
7462,298.48,0
7463,298.52,0
7464,298.56,0
7465,298.6,0
7466,298.64,0
7467,298.68,0
7468,298.72,0
7469,298.76,0
7470,298.8,0
7471,298.84,0
7472,298.88,1
7473,298.92,1
7474,298.96,1
7475,299.0,1
7476,299.04,1
7477,299.08,1
7478,299.12,1
7479,299.16,1
7480,299.2,1
7481,299.24,1
7482,299.28,1
7483,299.32,1
7484,299.36,1
7485,299.4,1
7486,299.44,1
7487,299.48,1
7488,299.52,1
7489,299.56,1
7490,299.6,1
7491,299.64,1
7492,299.68,1
7493,299.72,1
7494,299.76,1
7495,299.8,1
7496,299.84,1
7497,299.88,1
7498,299.92,1
7499,299.96,1
7500,300.0,1
7501,300.04,1
7502,300.08,1
7503,300.12,1
7504,300.16,1
7505,300.2,1
7506,300.24,1
7507,300.28,1
7508,300.32,1
7509,300.36,1
7510,300.4,1
7511,300.44,1
7512,300.48,1
7513,300.52,1
7514,300.56,1
7515,300.6,1
