animal_id,group,experiment,Unmapped_or_excluded,Climbing,Freezing,Grooming,Jump,Locomotion,Sniffing,Turn
11.4,Control,1,0.35191956124314439,4.113345521023766E-2,0.15265082266910421,5.9414990859232176E-3,1.371115173674589E-2,2.7422303473491769E-2,2.056672760511883E-2,0.38665447897623401
11.6,Control,1,0.37235996326905418,3.6730945821854908E-3,0.25711662075298441,4.1322314049586778E-3,6.8870523415977963E-3,2.3415977961432511E-2,1.6069788797061529E-2,0.31634527089072539
123.1,ELS,3,0.13750000000000001,2.35E-2,0.2545,1E-3,1.5E-3,8.5000000000000006E-3,6.5000000000000002E-2,0.50849999999999995
123.3,ELS,3,0.18115234375,1.171875E-2,0.27880859375,9.765625E-4,7.8125E-3,4.00390625E-2,6.34765625E-3,0.47314453125
128.4,ELS,3,0.1027190332326284,4.4813695871097681E-2,0.26283987915407853,,8.0563947633434038E-3,1.1581067472306141E-2,0.25478348439073523,0.3152064451158107
129.1,Control,3,0.1510605276771857,2.379720641489912E-2,0.32281427832384901,,3.1039834454216239E-3,7.7599586135540608E-3,0.20124159337816869,0.29022245214692188
129.4,Control,3,0.16298200514138819,2.622107969151671E-2,0.35372750642673523,,9.2544987146529565E-3,7.7120822622107968E-3,1.7480719794344471E-2,0.42262210796915167
133.3,ELS,3,0.17575462512171369,6.3291139240506328E-3,0.3296007789678676,,1.8500486854917231E-2,3.3106134371957148E-2,1.119766309639727E-2,0.42551119766309642
134.2,ELS,3,0.18692044899951199,2.0985846754514401E-2,0.26939970717423128,9.760858955588092E-4,1.9033674963396779E-2,7.5158613958028309E-2,6.8326012689116644E-3,0.42069302098584682
134.4,ELS,3,0.16166505324298161,7.7444336882865443E-3,0.23281703775411419,4.8402710551790902E-4,1.306873184898354E-2,5.6631171345595352E-2,1.548886737657309E-2,0.51210067763794775
136.2,Control,3,0.125249500998004,4.6407185628742513E-2,0.2435129740518962,,2.4950099800399202E-3,1.1976047904191619E-2,0.1127744510978044,0.45758483033932129
136.3,Control,3,0.19510978043912169,9.4810379241516973E-3,0.21257485029940121,,,1.3473053892215569E-2,4.1916167664670663E-2,0.52744510978043913
136.5,Control,3,0.28271983640081799,8.1799591002044997E-3,0.33844580777096123,,1.533742331288344E-3,8.1799591002044997E-3,8.537832310838446E-2,0.27556237218813912
137.3,Control,3,0.16682974559686889,6.262230919765166E-2,8.85518590998043E-2,,3.9138943248532287E-3,5.2348336594911928E-2,0.15851272015655579,0.4672211350293542
144.3,ELS,3,0.1044776119402985,2.4875621890547261E-2,0.13233830845771141,,5.9701492537313433E-3,2.039800995024876E-2,9.7512437810945277E-2,0.61442786069651745
144.5,ELS,3,0.15529531568228111,1.680244399185336E-2,0.18584521384928721,1.018329938900204E-3,,1.3747454175152749E-2,0.17107942973523421,0.45621181262729132
145.5,Control,3,0.17068466730954679,4.7733847637415623E-2,0.24108003857280619,,7.7145612343297977E-3,3.8090646094503383E-2,2.2179363548698171E-2,0.47251687560270011
146.6,Control,3,0.17380720545277509,5.3554040895813044E-3,0.38656280428432332,4.8685491723466409E-4,1.3145082765335931E-2,2.7263875365141192E-2,1.9961051606621229E-2,0.37341772151898728
147.4,Control,3,0.24824684431977559,1.5895278167367931E-2,0.25572697522206639,3.7400654511453948E-3,1.075268817204301E-2,4.0205703599812993E-2,1.5895278167367931E-2,0.40953716690042069
148.4,ELS,3,0.1871733966745843,1.5676959619952489E-2,0.22897862232779101,,1.1876484560570069E-2,9.9762470308788598E-2,1.1876484560570069E-2,0.44465558194774352
15.4,ELS,1,0.31220209723546227,1.715919923736892E-2,0.16634890371782651,2.859866539561487E-3,8.1029551954242135E-3,3.3841754051477588E-2,7.8169685414680654E-2,0.38131553860819828
15.6,ELS,1,0.26954050213169112,1.800094741828517E-2,0.17337754618664139,4.7370914258645204E-3,1.515869256276646E-2,2.0369493131217432E-2,4.1212695405021323E-2,0.45760303173851258
150.3,ELS,3,9.1090094574415137E-2,1.393728222996516E-2,0.33449477351916379,4.9776007964161273E-4,7.466401194624191E-3,7.466401194624191E-3,0.1030363364858138,0.44201095072175212
150.5,ELS,3,0.15026921194322079,9.9853157121879588E-2,0.13020068526676459,,4.8947626040137049E-3,5.3352912383749389E-2,0.14047968673519329,0.42094958394517867
152.3,Control,3,0.22294172062904721,3.515263644773358E-2,0.20397779833487509,,1.1100832562442179E-2,0.14014801110083261,4.6253469010175763E-3,0.38205365402405178
152.5,Control,3,0.13695338779432961,3.1234983181162902E-2,0.3382988947621336,9.6107640557424319E-4,1.1532916866890921E-2,3.6040365209034121E-2,1.3935607880826531E-2,0.43104276790004797
153.4,ELS,3,0.1243731193580742,1.303911735205617E-2,0.27131394182547641,5.0150451354062187E-4,1.203610832497492E-2,1.8555667001003012E-2,4.3630892678034112E-2,0.51654964894684052
154.4,ELS,3,0.15779189057156809,3.4684904738641907E-2,0.2398632144601856,,1.8075232046897899E-2,4.1524181729360038E-2,1.8075232046897899E-2,0.48998534440644848
157.1,Control,3,0.33055940822931112,7.8594544613962095E-3,0.1756819232547388,,6.4724919093851136E-3,0.10171058714748039,7.3971336107258433E-3,0.37031900138696261
157.4,Control,3,0.22725107193901861,4.4306812767984753E-2,0.18389709385421629,2.3820867079561701E-3,1.095759885659838E-2,3.5731300619342543E-2,8.0990948070509775E-3,0.48737494044783231
158.5,Control,3,0.1673076923076923,4.567307692307692E-2,0.27836538461538463,1.923076923076923E-3,1.7307692307692309E-2,2.9807692307692309E-2,1.298076923076923E-2,0.44663461538461541
159.3,ELS,3,9.3415007656967836E-2,7.2485962225625325E-2,0.12557427258805509,,2.5523226135783562E-3,1.42930066360388E-2,0.21949974476773859,0.47217968351199591
159.4,ELS,3,0.13001523616048749,2.5901472828847132E-2,0.3341797866937532,,5.0787201625190448E-4,9.141696292534281E-3,0.11274758760792281,0.38750634840020309
159.5,ELS,3,0.1089808274470232,3.9354187689202833E-2,0.1019172552976791,,5.5499495459132193E-3,1.5136226034308781E-2,0.2139253279515641,0.51513622603430875
161.1,Control,3,0.14335317460317459,1.240079365079365E-2,0.34325396825396831,,1.28968253968254E-2,2.48015873015873E-2,3.968253968253968E-3,0.4593253968253968
161.3,Control,3,0.13235294117647059,1.9607843137254902E-2,0.27254901960784311,,1.42156862745098E-2,4.7058823529411757E-2,2.8921568627450982E-2,0.48529411764705882
2.4,ELS,1,0.31323662737987312,1.8132366273798731E-2,0.1940163191296464,7.7062556663644614E-3,1.178603807796917E-2,2.039891205802357E-2,2.221214868540345E-2,0.4125113327289211
23.4,ELS,1,0.25487465181058488,2.739090064995358E-2,0.14716805942432681,9.2850510677808728E-4,6.4995357474466114E-3,7.1494893221912714E-2,1.439182915506035E-2,0.47725162488393691
25.1,ELS,1,0.28377110694183871,,0.13602251407129459,2.345215759849906E-3,1.4540337711069421E-2,3.7054409005628508E-2,1.6885553470919329E-2,0.50938086303939967
26.4,ELS,1,0.1650342801175318,2.3016650342801179E-2,0.27571008814887371,,5.8765915768854062E-3,5.2889324191968658E-2,7.3457394711067582E-3,0.47012732615083253
32.2,ELS,1,0.26516220028208742,3.5731076633756458E-2,0.1076633756464504,1.2693935119887159E-2,1.6455101081335209E-2,2.6798307475317348E-2,4.372355430183357E-2,0.49177244945933241
32.4,ELS,1,0.34959734722880148,1.515869256276646E-2,0.1027948839412601,6.631927996210327E-3,8.5267645665561345E-3,2.415916627190905E-2,1.2316437707247749E-2,0.48081477972524872
34.4,Control,1,0.23258003766478341,5.9322033898305093E-2,7.3917137476459505E-2,1.412429378531073E-3,8.4745762711864406E-3,0.10922787193973631,1.789077212806026E-2,0.49717514124293788
34.5,Control,1,0.22040072859744991,5.1912568306010931E-2,0.1343351548269581,4.5537340619307832E-4,1.7304189435336979E-2,0.16120218579234971,3.187613843351548E-3,0.41120218579234968
40.4,Control,1,0.42021505376344093,3.7849462365591398E-2,0.1174193548387097,5.1612903225806452E-3,1.032258064516129E-2,0.1131182795698925,3.440860215053763E-3,0.2924731182795699
40.6,Control,1,0.29747974797479748,3.9153915391539153E-2,0.1336633663366337,9.0009000900090005E-4,1.1251125112511249E-2,0.1093609360936094,2.115211521152115E-2,0.38703870387038702
41.4,Control,1,0.31843065693430661,8.2116788321167887E-3,0.22308394160583939,2.2810218978102188E-3,8.2116788321167887E-3,8.3485401459854017E-2,1.6423357664233581E-2,0.33987226277372262
41.5,Control,1,0.26486988847583642,1.765799256505576E-2,0.1988847583643123,4.6468401486988851E-4,6.0408921933085514E-3,8.9684014869888473E-2,1.5334572490706321E-2,0.40706319702602228
41.6,Control,1,0.25972808251289259,4.5944678856071258E-2,0.19268635724331931,9.3764650726676048E-4,1.593999062353493E-2,7.407407407407407E-2,8.4388185654008432E-3,0.40225035161744022
43.3,ELS,1,0.26711409395973162,7.7404921700223714E-2,0.13914988814317669,1.7897091722595081E-3,1.431767337807606E-2,0.1145413870246085,1.7897091722595081E-2,0.36778523489932891
43.5,ELS,1,0.25377358490566038,6.0849056603773592E-2,0.1617924528301887,,1.132075471698113E-2,9.2924528301886786E-2,1.179245283018868E-2,0.40754716981132078
47.5,Control,1,0.32894139027714681,2.998636983189459E-2,0.1553839164016356,1.817355747387551E-3,1.2721490231712859E-2,7.996365288505225E-2,2.4988641526578832E-2,0.36619718309859162
49.5,ELS,1,0.33954354913833262,1.723334885887285E-2,6.7070330693991612E-2,2.328830926874709E-3,1.1644154634373551E-2,0.1020027945971123,3.1672100605496037E-2,0.42850489054494639
49.6,ELS,1,0.16485592820028341,1.5115729806329709E-2,0.35899858290033071,9.4473311289560704E-4,1.228153046764289E-2,4.1095890410958902E-2,3.0703826169107232E-2,0.37600377893245163
5.4,Control,1,0.2257142857142857,0.03,0.25095238095238093,6.6666666666666671E-3,0.01,1.4761904761904761E-2,1.9047619047619049E-2,0.44285714285714278
50.5,Control,1,0.2170172084130019,3.2982791586998093E-2,0.28919694072657742,,6.2141491395793502E-3,6.0707456978967497E-2,3.8718929254302113E-2,0.35516252390057362
53.5,Control,1,0.25511596180081858,3.7744429286039112E-2,0.24329240563892679,1.8190086402910411E-3,9.5497953615279671E-3,9.2769440654843105E-2,2.000909504320145E-2,0.339699863574352
54.3,Control,1,0.28904109589041088,4.4748858447488583E-2,0.1607305936073059,5.0228310502283104E-3,7.3059360730593596E-3,8.6301369863013705E-2,2.6940639269406388E-2,0.37990867579908683
54.4,Control,1,0.16329551060680811,1.628021706956093E-2,0.31376418352244689,,2.9600394671928962E-3,2.7133695115934879E-2,1.036013813517514E-2,0.4662062160828811
54.6,Control,1,0.14811275680840899,3.487816531294792E-2,0.2369804108934544,,3.822264691829909E-3,6.8322981366459631E-2,1.2422360248447201E-2,0.49546106067845203
55.3,ELS,1,0.31382042253521131,4.9295774647887321E-2,0.12367957746478871,8.8028169014084509E-4,1.3644366197183099E-2,0.116637323943662,1.1003521126760561E-2,0.37103873239436619
55.5,ELS,1,0.31367169638774578,3.6122542295381803E-2,6.1728395061728392E-2,4.5724737082761773E-4,6.8587105624142658E-3,0.11751257430269781,1.9661636945587559E-2,0.44398719707361678
56.3,ELS,1,0.15398886827458261,5.2411873840445267E-2,0.19758812615955471,,5.5658627087198506E-3,9.8794063079777367E-2,2.3654916512059369E-2,0.46799628942486088
58.5,Control,1,0.28489399293286222,4.6378091872791523E-2,0.15415194346289751,4.4169611307420489E-4,1.015901060070671E-2,0.12720848056537101,7.5088339222614837E-3,0.36925795053003541
62.1,Control,1,0.34673815907059868,7.5067024128686322E-2,0.1018766756032172,2.6809651474530832E-3,1.519213583556747E-2,0.10277033065236819,1.3404825737265419E-2,0.34226988382484358
62.2,Control,1,0.17677974199713331,2.866698518872432E-2,0.24080267558528429,4.7778308647873857E-4,5.733397037744864E-3,3.9655996177735311E-2,1.194457716196847E-2,0.49593884376493069
62.3,Control,1,0.1741339491916859,5.1732101616628168E-2,0.26096997690531182,9.2378752886836026E-4,1.2009237875288681E-2,9.0069284064665134E-2,3.2332563510392609E-3,0.40692840646651268
62.4,Control,1,0.23069810448451231,5.6865464632454933E-2,0.22792417938049009,4.6232085067036521E-4,1.1095700416088769E-2,9.7549699491447067E-2,4.160887656033287E-3,0.37124364308830332
62.5,Control,1,0.2364305427782889,6.1637534498620063E-2,0.10257589696412139,,1.149954001839926E-2,0.1485740570377185,7.8196872125115002E-3,0.43146274149034042
63.3,ELS,1,0.21448999046711151,3.5748331744518587E-2,0.18112488083889419,,8.1029551954242135E-3,8.9609151572926593E-2,1.429933269780744E-2,0.45662535748331751
68.1,Control,1,0.24400564174894221,4.6544428772919602E-2,0.1857075693464974,,5.171603196991067E-3,4.6074283027738597E-2,9.4029149036201215E-3,0.46309355900329102
69.1,ELS,1,0.2142857142857143,1.1671335200746971E-2,0.1596638655462185,,1.1671335200746971E-2,8.309990662931839E-2,2.4276377217553689E-2,0.49533146591970117
69.2,ELS,1,0.28267898383371831,8.2217090069284071E-2,7.3441108545034647E-2,1.38568129330254E-3,1.293302540415704E-2,0.13441108545034641,2.7713625866050808E-3,0.41016166281755201
69.3,ELS,1,0.23120567375886519,1.3711583924349881E-2,0.1148936170212766,9.4562647754137111E-4,1.1820330969267139E-2,7.9905437352245867E-2,2.0330969267139481E-2,0.5271867612293144
69.5,ELS,1,0.1996215704824976,4.4938505203405872E-2,0.15468306527909181,9.4607379375591296E-4,5.6764427625354778E-3,8.2781456953642391E-2,1.1825922421948911E-2,0.49952696310312211
73.1,ELS,1,0.1230237154150198,3.1126482213438739E-2,0.158102766798419,,2.964426877470356E-3,3.1620553359683792E-2,0.12104743083003951,0.53211462450592883
73.4,ELS,1,0.13443740867023871,6.4296151972722843E-2,0.1407696054554311,9.7418412079883102E-4,1.55869459327813E-2,2.3380418899171938E-2,0.13248904042864099,0.4880662445202143
74.1,Control,1,0.14196040560115891,3.5248672139063263E-2,0.17479478512795751,,8.2085948816996625E-3,2.0762916465475619E-2,9.8020280057943027E-2,0.52100434572670207
75.1,ELS,1,0.22056770590972549,0.1093531875290833,8.9343880874825504E-2,4.6533271288971622E-4,7.4453234062354587E-3,0.1005118659841787,4.60679385760819E-2,0.42624476500698
80.3,Control,1,0.2089478859390364,4.8180924287118967E-2,6.4405113077679446E-2,,1.0324483775811209E-2,4.6705998033431659E-2,3.9331366764995081E-2,0.58210422812192719
88.2,ELS,1,0.21235154394299291,8.6935866983372925E-2,0.1382422802850356,,3.8004750593824228E-3,4.8931116389548703E-2,4.3230403800475062E-2,0.46650831353919242
88.3,ELS,1,0.16338028169014079,4.1784037558685448E-2,0.1230046948356807,1.408450704225352E-3,1.07981220657277E-2,9.6244131455399062E-2,2.3474178403755871E-2,0.539906103286385
