animal_id,animal,group,project,experiment,t_030s,t_060s,t_090s,t_120s,t_150s,t_180s,t_210s,t_240s,t_270s,t_300s,t_330s,t_360s,t_390s,t_420s,t_450s
11.4,Animal 11_4DLC_resnet50_Freezing_07-2020Sep29shuffle1_100000filtered,Control,"Sanguino-Gomez and Krugers, 2024",1,0,0,18.93333333333333,0,6.2666666666666666,0.93333333333333346,8.9333333333333336,4.5333333333333332,21.2,20.93333333333333,14.4,28,23.333333333333329,44.266666666666673,62.533333333333331
11.6,Animal 11_6DLC_resnet50_Freezing_07-2020Sep29shuffle1_100000filtered,Control,"Sanguino-Gomez and Krugers, 2024",1,9.0666666666666664,2.9333333333333331,22.133333333333329,8.7999999999999989,4.8,21.466666666666669,23.2,3.4666666666666659,22.266666666666669,19.600000000000001,65.733333333333334,32.133333333333333,48.4,65.86666666666666,61.06666666666667
15.4,Animal 15_4DLC_resnet50_Freezing_07-2020Sep29shuffle1_100000filtered,ELS,"Sanguino-Gomez and Krugers, 2024",1,5.2,2.2666666666666671,1.333333333333333,3.066666666666666,0,2.5333333333333332,5.2,29.733333333333331,0,4.2666666666666666,40.133333333333333,30.266666666666669,46.400000000000013,32.799999999999997,64.8
15.6,Animal 15_6DLC_resnet50_Freezing_07-2020Sep29shuffle1_100000filtered,ELS,"Sanguino-Gomez and Krugers, 2024",1,3.6,2.5333333333333332,0,8.4,8.2666666666666657,25.06666666666667,13.33333333333333,14.8,11.06666666666667,10.133333333333329,20.93333333333333,35.733333333333327,40.93333333333333,43.066666666666663,34.799999999999997
2.4,Animal 2_4DLC_resnet50_Freezing_07-2020Sep29shuffle1_100000filtered,ELS,"Sanguino-Gomez and Krugers, 2024",1,0,10.4,4.666666666666667,2,4.5333333333333332,0,8.9333333333333336,21.733333333333331,48.266666666666673,23.466666666666669,25.466666666666669,54.133333333333333,45.2,26.533333333333331,36.4
23.4,Animal 23_4DLC_resnet50_Freezing_07-2020Sep29shuffle1_100000filtered,ELS,"Sanguino-Gomez and Krugers, 2024",1,0,7.1999999999999993,3.066666666666666,6.2666666666666666,2.4,7.0666666666666673,4.666666666666667,20,18.93333333333333,19.06666666666667,22.666666666666661,19.866666666666671,32.133333333333333,23.06666666666667,35.200000000000003
25.1,Animal 25_1DLC_resnet50_Freezing_07-2020Sep29shuffle1_100000filtered,ELS,"Sanguino-Gomez and Krugers, 2024",1,0,4,2.666666666666667,5.4666666666666668,11.06666666666667,3.8666666666666671,4.9333333333333336,26.4,14.266666666666669,24.266666666666669,27.866666666666671,22.133333333333329,18.399999999999999,6.9333333333333327,40.533333333333331
26.4,Animal 26_4DLC_resnet50_Freezing_07-2020Sep29shuffle1_100000filtered,ELS,"Sanguino-Gomez and Krugers, 2024",1,3.066666666666666,11.46666666666667,5.2,1.6,11.06666666666667,19.866666666666671,0.66666666666666674,59.06666666666667,26.8,7.7333333333333334,42.666666666666671,47.06666666666667,47.866666666666667,61.06666666666667,82.933333333333337
32.2,Animal 32_2DLC_resnet50_Freezing_07-2020Sep29shuffle1_100000filtered,ELS,"Sanguino-Gomez and Krugers, 2024",1,8.1333333333333329,1.333333333333333,2.4,14.4,0,7.1999999999999993,4.1333333333333329,4.2666666666666666,13.733333333333331,4.3999999999999986,23.466666666666669,10,14.933333333333341,30,27.2
32.4,Animal 32_4DLC_resnet50_Freezing_07-2020Sep29shuffle1_100000filtered,ELS,"Sanguino-Gomez and Krugers, 2024",1,8.1333333333333329,0,0,3.7333333333333338,0,0,2.8,24.8,20.533333333333331,3.4666666666666659,19.466666666666669,49.733333333333327,11.2,1.2,11.46666666666667
34.4,Animal 34_4DLC_resnet50_Freezing_07-2020Sep29shuffle1_100000filtered,Control,"Sanguino-Gomez and Krugers, 2024",1,0,9.6,0,0.26666666666666672,0,0,12.133333333333329,0,0,7.8666666666666663,15.06666666666667,7.8666666666666663,6.666666666666667,25.866666666666671,25.466666666666669
34.5,Animal 34_5DLC_resnet50_Freezing_07-2020Sep29shuffle1_100000filtered,Control,"Sanguino-Gomez and Krugers, 2024",1,1.2,0,0,0,3.333333333333333,0.8,19.333333333333329,33.6,6,17.06666666666667,38.133333333333333,12.66666666666667,19.2,28.4,32.4
40.4,Animal_40_4DLC_resnet50_Freezing_07-2020Sep29shuffle1_100000filtered,Control,"Sanguino-Gomez and Krugers, 2024",1,0,4.5333333333333332,1.2,0,2.1333333333333329,2,3.2,8.5333333333333332,14.266666666666669,16.533333333333331,36.133333333333333,40,26.8,22.8,20.266666666666669
40.6,Animal_40_6DLC_resnet50_Freezing_07-2020Sep29shuffle1_100000filtered,Control,"Sanguino-Gomez and Krugers, 2024",1,0,5.8666666666666663,0,4.1333333333333329,9.3333333333333339,22.666666666666661,8.2666666666666657,15.46666666666667,28.266666666666669,17.06666666666667,14.266666666666669,34,24.533333333333331,10.53333333333333,28
41.4,Animal_41_4DLC_resnet50_Freezing_07-2020Sep29shuffle1_100000filtered,Control,"Sanguino-Gomez and Krugers, 2024",1,1.2,0,2.8,22.4,5.3333333333333339,5.8666666666666663,3.8666666666666671,18.266666666666669,16.266666666666669,40.666666666666657,20.399999999999999,31.066666666666659,52.8,90.4,66.400000000000006
41.5,Animal_41_5DLC_resnet50_Freezing_07-2020Sep29shuffle1_100000filtered,Control,"Sanguino-Gomez and Krugers, 2024",1,11.33333333333333,5.7333333333333334,4,4.2666666666666666,13.066666666666659,0,3.2,14,52,21.333333333333339,30.8,32,48,36.799999999999997,37.066666666666663
41.6,Animal_41_6DLC_resnet50_Freezing_07-2020Sep29shuffle1_100000filtered,Control,"Sanguino-Gomez and Krugers, 2024",1,1.466666666666667,0,0.93333333333333346,2.8,0.93333333333333346,0,1.466666666666667,10.93333333333333,28.93333333333333,9.8666666666666671,31.866666666666671,52.666666666666657,52,42,77.733333333333334
43.3,Animal_43_3DLC_resnet50_Freezing_07-2020Sep29shuffle1_100000filtered,ELS,"Sanguino-Gomez and Krugers, 2024",1,0,2.1333333333333329,0,2.5333333333333332,3.7333333333333338,0,2.2666666666666671,27.333333333333329,16.533333333333331,24.4,18,18.399999999999999,27.2,38.266666666666673,46
43.5,Animal_43_5DLC_resnet50_Freezing_07-2020Sep29shuffle1_100000filtered,ELS,"Sanguino-Gomez and Krugers, 2024",1,0,3.2,6,2.8,0,5.2,4.8,26.8,25.466666666666669,5.0666666666666664,23.6,34,35.06666666666667,53.733333333333327,22.93333333333333
47.5,Animal_47_5DLC_resnet50_Freezing_07-2020Sep29shuffle1_100000filtered,Control,"Sanguino-Gomez and Krugers, 2024",1,0,2.1333333333333329,13.2,3.7333333333333338,3.333333333333333,1.7333333333333329,25.06666666666667,35.6,3.8666666666666671,34.533333333333331,13.866666666666671,34.666666666666671,34.133333333333333,2.666666666666667,41.2
49.5,Animal_49_5DLC_resnet50_Freezing_07-2020Sep29shuffle1_100000filtered,ELS,"Sanguino-Gomez and Krugers, 2024",1,0,3.8666666666666671,2.1333333333333329,0,0,0,0,5.7333333333333334,2.8,4,8.9333333333333336,8.7999999999999989,19.06666666666667,24.533333333333331,24.266666666666669
49.6,Animal_49_6DLC_resnet50_Freezing_07-2020Sep29shuffle1_100000filtered,ELS,"Sanguino-Gomez and Krugers, 2024",1,0.53333333333333333,9.6,11.866666666666671,14.66666666666667,16.133333333333329,7.4666666666666677,25.333333333333339,53.733333333333327,20.8,47.2,68.400000000000006,73.066666666666663,71.866666666666674,68.13333333333334,80.533333333333331
5.4,Animal 5_4DLC_resnet50_Freezing_07-2020Sep29shuffle1_100000filtered,Control,"Sanguino-Gomez and Krugers, 2024",1,0,0,0,12.266666666666669,4.3999999999999986,6.666666666666667,4.666666666666667,44.4,63.6,41.466666666666669,38.93333333333333,48.8,27.6,49.333333333333343,50.8
50.5,Animal_50_5DLC_resnet50_Freezing_07-2020Sep29shuffle1_100000filtered,Control,"Sanguino-Gomez and Krugers, 2024",1,0,0,0,17.2,15.33333333333333,27.6,15.866666666666671,36.266666666666673,17.733333333333331,33.733333333333327,46.93333333333333,74.666666666666671,69.86666666666666,62.4,48.666666666666671
53.5,Animal_53_5DLC_resnet50_Freezing_07-2020Sep29shuffle1_100000filtered,Control,"Sanguino-Gomez and Krugers, 2024",1,9.1999999999999993,0,4.5333333333333332,4.9333333333333336,4.5333333333333332,4.9333333333333336,8.1333333333333329,36.933333333333337,6.5333333333333323,15.733333333333331,47.866666666666667,58.4,56.133333333333333,68.266666666666666,72.533333333333331
54.3,Animal_54_3DLC_resnet50_Freezing_07-2020Sep29shuffle1_100000filtered,Control,"Sanguino-Gomez and Krugers, 2024",1,0,2.666666666666667,1.6,1.8666666666666669,5.3333333333333339,0,4.2666666666666666,31.066666666666659,18.533333333333331,46.133333333333333,20,36.666666666666657,7.4666666666666677,39.466666666666669,46.93333333333333
54.4,Animal_54_4DLC_resnet50_Freezing_07-2020Sep29shuffle1_100000filtered,Control,"Sanguino-Gomez and Krugers, 2024",1,6.2666666666666666,5.7333333333333334,10.53333333333333,9.6,3.7333333333333338,43.333333333333343,21.06666666666667,48.8,62.666666666666671,41.333333333333343,50.4,22.8,45.2,37.733333333333327,74.400000000000006
54.6,Animal_54_6DLC_resnet50_Freezing_07-2020Sep29shuffle1_100000filtered,Control,"Sanguino-Gomez and Krugers, 2024",1,0,11.06666666666667,14.133333333333329,4.3999999999999986,3.2,5.3333333333333339,23.866666666666671,51.333333333333329,25.866666666666671,32.266666666666673,33.333333333333329,29.6,49.2,39.333333333333329,52.533333333333331
55.3,Animal_55_3DLC_resnet50_Freezing_07-2020Sep29shuffle1_100000filtered,ELS,"Sanguino-Gomez and Krugers, 2024",1,0,0,1.333333333333333,7.4666666666666677,10.266666666666669,0,23.2,12.133333333333329,13.6,22.666666666666661,23.466666666666669,21.2,31.466666666666669,18.133333333333329,15.06666666666667
55.5,Animal_55_5DLC_resnet50_Freezing_07-2020Sep29shuffle1_100000filtered,ELS,"Sanguino-Gomez and Krugers, 2024",1,0,6.2666666666666666,0,0.8,0,0,1.0666666666666671,12.53333333333333,5.2,10.93333333333333,12.93333333333333,18,7.4666666666666677,7.8666666666666663,9.0666666666666664
56.3,Animal_56_3DLC_resnet50_Freezing_07-2020Sep29shuffle1_100000filtered,ELS,"Sanguino-Gomez and Krugers, 2024",1,0,0,2.8,1.466666666666667,2.8,7.0666666666666673,31.733333333333331,22.266666666666669,11.733333333333331,40.93333333333333,31.333333333333339,31.466666666666669,43.733333333333327,24.8,57.999999999999993
58.5,Animal_58_5DLC_resnet50_Freezing_07-2020Sep29shuffle1_100000filtered,Control,"Sanguino-Gomez and Krugers, 2024",1,0,0.93333333333333346,4.2666666666666666,3.2,3.7333333333333338,0,5.2,11.733333333333331,22.8,15.2,5.2,28.133333333333329,34.4,73.866666666666674,48.8
62.1,Animal_62_1DLC_resnet50_Freezing_07-2020Sep29shuffle1_100000filtered,Control,"Sanguino-Gomez and Krugers, 2024",1,0,0,0,0,0,2.1333333333333329,4.3999999999999986,3.4666666666666659,8.9333333333333336,11.06666666666667,12.266666666666669,22.666666666666661,14.53333333333333,42.666666666666671,38.666666666666657
62.2,Animal_62_2DLC_resnet50_Freezing_07-2020Sep29shuffle1_100000filtered,Control,"Sanguino-Gomez and Krugers, 2024",1,1.333333333333333,4.5333333333333332,27.333333333333329,0,6.666666666666667,14.133333333333329,19.600000000000001,30.533333333333331,26.133333333333329,20.8,55.2,18.533333333333331,24.8,57.333333333333343,67.066666666666663
62.3,Animal_62_3DLC_resnet50_Freezing_07-2020Sep29shuffle1_100000filtered,Control,"Sanguino-Gomez and Krugers, 2024",1,0,0,4.8,7.6,2.666666666666667,6.5333333333333323,26.133333333333329,20.266666666666669,25.6,39.866666666666667,62.133333333333333,57.999999999999993,51.866666666666667,49.733333333333327,74.266666666666666
62.4,Animal_62_4DLC_resnet50_Freezing_07-2020Sep29shuffle1_100000filtered,Control,"Sanguino-Gomez and Krugers, 2024",1,0,0,2.4,1.2,10.8,2.2666666666666671,4.2666666666666666,26,27.466666666666669,18.8,66.400000000000006,65.86666666666666,44.8,55.066666666666663,55.866666666666667
62.5,Animal_62_5DLC_resnet50_Freezing_07-2020Sep29shuffle1_100000filtered,Control,"Sanguino-Gomez and Krugers, 2024",1,0,0,0,0,0,0,2.2666666666666671,18.399999999999999,4.8,18.8,13.33333333333333,27.333333333333329,18.399999999999999,23.866666666666671,24.4
63.3,Animal_63_3DLC_resnet50_Freezing_07-2020Sep29shuffle1_100000filtered,ELS,"Sanguino-Gomez and Krugers, 2024",1,0,11.733333333333331,0,1.8666666666666669,6.8000000000000007,0,5.4666666666666668,8.9333333333333336,5.6000000000000014,23.733333333333331,25.333333333333339,45.866666666666667,28.266666666666669,69.466666666666669,57.333333333333343
68.1,Animal_68_1DLC_resnet50_Freezing_07-2020Sep29shuffle1_100000filtered,Control,"Sanguino-Gomez and Krugers, 2024",1,0,1.333333333333333,1.466666666666667,1.466666666666667,6.666666666666667,1.8666666666666669,3.4666666666666659,48,19.733333333333331,16.399999999999999,42.933333333333337,50.93333333333333,27.06666666666667,38.266666666666673,25.733333333333331
69.1,Animal_69_1DLC_resnet50_Freezing_07-2020Sep29shuffle1_100000filtered,ELS,"Sanguino-Gomez and Krugers, 2024",1,0,0,8.4,20,6.666666666666667,9.6,12.133333333333329,13.2,8.2666666666666657,6.5333333333333323,33.6,8.7999999999999989,34,35.200000000000003,49.066666666666663
69.2,Animal_69_2DLC_resnet50_Freezing_07-2020Sep29shuffle1_100000filtered,ELS,"Sanguino-Gomez and Krugers, 2024",1,0,0,0,6.9333333333333327,7.7333333333333334,0.1333333333333333,6.666666666666667,11.6,10.53333333333333,1.7333333333333329,2.9333333333333331,4.3999999999999986,19.06666666666667,25.06666666666667,16
69.3,Animal_69_3DLC_resnet50_Freezing_07-2020Sep29shuffle1_100000filtered,ELS,"Sanguino-Gomez and Krugers, 2024",1,6.666666666666667,1.333333333333333,1.2,0,0,4.5333333333333332,13.066666666666659,18.93333333333333,12.266666666666669,4.8,19.866666666666671,20.533333333333331,34.133333333333333,17.333333333333339,17.2
69.5,Animal_69_5DLC_resnet50_Freezing_07-2020Sep29shuffle1_100000filtered,ELS,"Sanguino-Gomez and Krugers, 2024",1,3.333333333333333,2.4,3.066666666666666,4,0,10.133333333333329,14.66666666666667,14.133333333333329,29.333333333333329,25.466666666666669,3.7333333333333338,17.2,45.2,20.533333333333331,52.266666666666659
73.1,Animal_73_1DLC_resnet50_Freezing_07-2020Sep29shuffle1_100000filtered,ELS,"Sanguino-Gomez and Krugers, 2024",1,6.666666666666667,0,1.466666666666667,0,9.1999999999999993,2.5333333333333332,14.133333333333329,2,7.7333333333333334,17.333333333333339,26.8,25.2,24.666666666666671,41.866666666666667,55.066666666666663
73.4,Animal_73_4DLC_resnet50_Freezing_07-2020Sep29shuffle1_100000filtered,ELS,"Sanguino-Gomez and Krugers, 2024",1,10.8,7.333333333333333,0,0,20.8,1.8666666666666669,4.2666666666666666,14.4,6.2666666666666666,8.7999999999999989,6.2666666666666666,24.666666666666671,32.133333333333333,18.533333333333331,56.666666666666657
74.1,Animal_74_1DLC_resnet50_Freezing_07-2020Sep29shuffle1_100000filtered,Control,"Sanguino-Gomez and Krugers, 2024",1,0,0,5.3333333333333339,0.53333333333333333,4,1.466666666666667,5.2,34,10.266666666666669,18.399999999999999,30.533333333333331,19.866666666666671,34.266666666666673,57.733333333333327,31.333333333333339
75.1,Animal_75_1DLC_resnet50_Freezing_07-2020Sep29shuffle1_100000filtered,ELS,"Sanguino-Gomez and Krugers, 2024",1,0,0,0.53333333333333333,2.9333333333333331,0,0,5.6000000000000014,10.93333333333333,8,12.133333333333329,17.600000000000001,13.066666666666659,18.399999999999999,24.4,20.93333333333333
80.3,Animal_80_3DLC_resnet50_Freezing_07-2020Sep29shuffle1_100000filtered,Control,"Sanguino-Gomez and Krugers, 2024",1,2.5333333333333332,0,1.333333333333333,8.1333333333333329,6.8000000000000007,4.5333333333333332,25.2,9.8666666666666671,0,10.133333333333329,5.4666666666666668,0,5.4666666666666668,0,9.0666666666666664
88.2,Animal_88_2DLC_resnet50_Freezing_07-2020Sep29shuffle1_100000filtered,ELS,"Sanguino-Gomez and Krugers, 2024",1,1.466666666666667,14.4,0,2.4,4.2666666666666666,0,4.9333333333333336,12.93333333333333,12.133333333333329,13.46666666666667,14.266666666666669,20.133333333333329,28.133333333333329,19.2,55.066666666666663
88.3,Animal_88_3DLC_resnet50_Freezing_07-2020Sep29shuffle1_100000filtered,ELS,"Sanguino-Gomez and Krugers, 2024",1,0.66666666666666674,0,0,6.8000000000000007,0,0,8.2666666666666657,5.6000000000000014,0,8.9333333333333336,16.133333333333329,6.8000000000000007,27.2,56.266666666666673,51.333333333333329
