animal_id,group,experiment,bin,time_s,pct_s0s28
2.4,ELS,1,0,30,0.0
2.4,ELS,1,1,60,10.4
2.4,ELS,1,2,90,4.666666666666667
2.4,ELS,1,3,120,2.0
2.4,ELS,1,4,150,4.533333333333333
2.4,ELS,1,5,180,0.0
2.4,ELS,1,6,210,8.933333333333334
2.4,ELS,1,7,240,21.73333333333333
2.4,ELS,1,8,270,48.266666666666666
2.4,ELS,1,9,300,23.466666666666665
2.4,ELS,1,10,330,25.466666666666665
2.4,ELS,1,11,360,54.13333333333333
2.4,ELS,1,12,390,45.2
2.4,ELS,1,13,420,26.533333333333335
2.4,ELS,1,14,450,36.400000000000006
5.4,Control,1,0,30,0.0
5.4,Control,1,1,60,0.0
5.4,Control,1,2,90,0.0
5.4,Control,1,3,120,12.266666666666666
5.4,Control,1,4,150,4.4
5.4,Control,1,5,180,6.666666666666667
5.4,Control,1,6,210,4.666666666666667
5.4,Control,1,7,240,44.4
5.4,Control,1,8,270,63.6
5.4,Control,1,9,300,41.46666666666667
5.4,Control,1,10,330,38.93333333333333
5.4,Control,1,11,360,48.8
5.4,Control,1,12,390,27.6
5.4,Control,1,13,420,49.333333333333336
5.4,Control,1,14,450,50.8
11.4,Control,1,0,30,0.0
11.4,Control,1,1,60,0.0
11.4,Control,1,2,90,18.933333333333334
11.4,Control,1,3,120,0.0
11.4,Control,1,4,150,6.266666666666667
11.4,Control,1,5,180,0.9333333333333336
11.4,Control,1,6,210,8.933333333333334
11.4,Control,1,7,240,4.533333333333333
11.4,Control,1,8,270,16.53333333333333
11.4,Control,1,9,300,20.933333333333337
11.4,Control,1,10,330,14.399999999999999
11.4,Control,1,11,360,28.0
11.4,Control,1,12,390,23.333333333333336
11.4,Control,1,13,420,44.266666666666666
11.4,Control,1,14,450,62.53333333333333
11.6,Control,1,0,30,9.066666666666666
11.6,Control,1,1,60,2.933333333333333
11.6,Control,1,2,90,22.133333333333333
11.6,Control,1,3,120,8.799999999999999
11.6,Control,1,4,150,4.8
11.6,Control,1,5,180,21.46666666666667
11.6,Control,1,6,210,23.200000000000003
11.6,Control,1,7,240,3.4666666666666663
11.6,Control,1,8,270,22.26666666666667
11.6,Control,1,9,300,19.599999999999998
11.6,Control,1,10,330,65.73333333333333
11.6,Control,1,11,360,32.13333333333333
11.6,Control,1,12,390,48.39999999999999
11.6,Control,1,13,420,65.86666666666667
11.6,Control,1,14,450,61.06666666666667
15.4,ELS,1,0,30,5.2
15.4,ELS,1,1,60,2.2666666666666666
15.4,ELS,1,2,90,1.3333333333333337
15.4,ELS,1,3,120,3.0666666666666664
15.4,ELS,1,4,150,0.0
15.4,ELS,1,5,180,2.533333333333333
15.4,ELS,1,6,210,5.2
15.4,ELS,1,7,240,29.73333333333333
15.4,ELS,1,8,270,0.0
15.4,ELS,1,9,300,4.266666666666667
15.4,ELS,1,10,330,40.13333333333333
15.4,ELS,1,11,360,30.266666666666666
15.4,ELS,1,12,390,46.39999999999999
15.4,ELS,1,13,420,32.800000000000004
15.4,ELS,1,14,450,64.8
15.6,ELS,1,0,30,3.6
15.6,ELS,1,1,60,2.533333333333333
15.6,ELS,1,2,90,0.0
15.6,ELS,1,3,120,8.4
15.6,ELS,1,4,150,8.266666666666666
15.6,ELS,1,5,180,25.066666666666663
15.6,ELS,1,6,210,13.333333333333334
15.6,ELS,1,7,240,14.8
15.6,ELS,1,8,270,11.066666666666666
15.6,ELS,1,9,300,10.133333333333333
15.6,ELS,1,10,330,20.933333333333334
15.6,ELS,1,11,360,35.733333333333334
15.6,ELS,1,12,390,40.93333333333333
15.6,ELS,1,13,420,43.06666666666666
15.6,ELS,1,14,450,34.8
23.4,ELS,1,0,30,0.0
23.4,ELS,1,1,60,7.199999999999999
23.4,ELS,1,2,90,3.0666666666666664
23.4,ELS,1,3,120,6.266666666666667
23.4,ELS,1,4,150,2.4
23.4,ELS,1,5,180,7.066666666666667
23.4,ELS,1,6,210,4.666666666666667
23.4,ELS,1,7,240,20.0
23.4,ELS,1,8,270,18.933333333333334
23.4,ELS,1,9,300,19.066666666666663
23.4,ELS,1,10,330,22.66666666666667
23.4,ELS,1,11,360,19.866666666666667
23.4,ELS,1,12,390,32.13333333333333
23.4,ELS,1,13,420,23.066666666666663
23.4,ELS,1,14,450,35.2
25.1,ELS,1,0,30,0.0
25.1,ELS,1,1,60,4.0
25.1,ELS,1,2,90,2.666666666666667
25.1,ELS,1,3,120,5.466666666666667
25.1,ELS,1,4,150,11.066666666666666
25.1,ELS,1,5,180,3.8666666666666663
25.1,ELS,1,6,210,4.933333333333334
25.1,ELS,1,7,240,26.4
25.1,ELS,1,8,270,14.266666666666666
25.1,ELS,1,9,300,24.266666666666666
25.1,ELS,1,10,330,27.866666666666667
25.1,ELS,1,11,360,22.133333333333333
25.1,ELS,1,12,390,18.4
25.1,ELS,1,13,420,6.933333333333333
25.1,ELS,1,14,450,40.53333333333333
26.4,ELS,1,0,30,3.0666666666666664
26.4,ELS,1,1,60,11.466666666666669
26.4,ELS,1,2,90,5.2
26.4,ELS,1,3,120,1.6
26.4,ELS,1,4,150,11.066666666666666
26.4,ELS,1,5,180,19.866666666666667
26.4,ELS,1,6,210,0.6666666666666667
26.4,ELS,1,7,240,59.06666666666667
26.4,ELS,1,8,270,26.8
26.4,ELS,1,9,300,7.733333333333333
26.4,ELS,1,10,330,42.66666666666667
26.4,ELS,1,11,360,47.06666666666667
26.4,ELS,1,12,390,47.86666666666667
26.4,ELS,1,13,420,61.06666666666667
26.4,ELS,1,14,450,82.93333333333334
32.2,ELS,1,0,30,8.133333333333333
32.2,ELS,1,1,60,1.3333333333333337
32.2,ELS,1,2,90,0.0
32.2,ELS,1,3,120,14.4
32.2,ELS,1,4,150,0.0
32.2,ELS,1,5,180,7.199999999999999
32.2,ELS,1,6,210,4.133333333333333
32.2,ELS,1,7,240,4.266666666666667
32.2,ELS,1,8,270,13.733333333333334
32.2,ELS,1,9,300,4.4
32.2,ELS,1,10,330,23.46666666666667
32.2,ELS,1,11,360,10.0
32.2,ELS,1,12,390,14.933333333333335
32.2,ELS,1,13,420,30.0
32.2,ELS,1,14,450,27.200000000000003
32.4,ELS,1,0,30,8.133333333333333
32.4,ELS,1,1,60,0.0
32.4,ELS,1,2,90,0.0
32.4,ELS,1,3,120,3.733333333333334
32.4,ELS,1,4,150,0.0
32.4,ELS,1,5,180,0.0
32.4,ELS,1,6,210,2.8000000000000003
32.4,ELS,1,7,240,24.799999999999997
32.4,ELS,1,8,270,20.53333333333333
32.4,ELS,1,9,300,3.4666666666666663
32.4,ELS,1,10,330,19.466666666666665
32.4,ELS,1,11,360,49.73333333333333
32.4,ELS,1,12,390,11.2
32.4,ELS,1,13,420,1.2
32.4,ELS,1,14,450,11.466666666666669
34.4,Control,1,0,30,0.0
34.4,Control,1,1,60,9.6
34.4,Control,1,2,90,0.0
34.4,Control,1,3,120,0.2666666666666666
34.4,Control,1,4,150,0.0
34.4,Control,1,5,180,0.0
34.4,Control,1,6,210,12.133333333333333
34.4,Control,1,7,240,0.0
34.4,Control,1,8,270,0.0
34.4,Control,1,9,300,7.866666666666666
34.4,Control,1,10,330,15.066666666666666
34.4,Control,1,11,360,7.866666666666666
34.4,Control,1,12,390,6.666666666666667
34.4,Control,1,13,420,25.866666666666667
34.4,Control,1,14,450,25.466666666666665
34.5,Control,1,0,30,1.2
34.5,Control,1,1,60,0.0
34.5,Control,1,2,90,0.0
34.5,Control,1,3,120,0.0
34.5,Control,1,4,150,3.333333333333333
34.5,Control,1,5,180,0.8
34.5,Control,1,6,210,19.333333333333332
34.5,Control,1,7,240,33.6
34.5,Control,1,8,270,6.0
34.5,Control,1,9,300,17.066666666666666
34.5,Control,1,10,330,38.13333333333333
34.5,Control,1,11,360,12.666666666666668
34.5,Control,1,12,390,19.2
34.5,Control,1,13,420,28.4
34.5,Control,1,14,450,32.4
40.4,Control,1,0,30,0.0
40.4,Control,1,1,60,4.533333333333333
40.4,Control,1,2,90,1.2
40.4,Control,1,3,120,0.0
40.4,Control,1,4,150,2.1333333333333333
40.4,Control,1,5,180,2.0
40.4,Control,1,6,210,3.2
40.4,Control,1,7,240,8.533333333333333
40.4,Control,1,8,270,14.266666666666666
40.4,Control,1,9,300,16.53333333333333
40.4,Control,1,10,330,36.13333333333333
40.4,Control,1,11,360,40.0
40.4,Control,1,12,390,26.8
40.4,Control,1,13,420,22.8
40.4,Control,1,14,450,20.266666666666666
40.6,Control,1,0,30,0.0
40.6,Control,1,1,60,5.866666666666666
40.6,Control,1,2,90,0.0
40.6,Control,1,3,120,4.133333333333333
40.6,Control,1,4,150,9.333333333333334
40.6,Control,1,5,180,22.666666666666664
40.6,Control,1,6,210,8.266666666666666
40.6,Control,1,7,240,15.466666666666665
40.6,Control,1,8,270,28.26666666666667
40.6,Control,1,9,300,17.066666666666666
40.6,Control,1,10,330,14.266666666666666
40.6,Control,1,11,360,34.0
40.6,Control,1,12,390,24.53333333333333
40.6,Control,1,13,420,10.533333333333331
40.6,Control,1,14,450,28.000000000000004
41.4,Control,1,0,30,1.2
41.4,Control,1,1,60,0.0
41.4,Control,1,2,90,2.8
41.4,Control,1,3,120,22.4
41.4,Control,1,4,150,5.333333333333333
41.4,Control,1,5,180,5.866666666666666
41.4,Control,1,6,210,3.8666666666666663
41.4,Control,1,7,240,18.266666666666666
41.4,Control,1,8,270,16.266666666666666
41.4,Control,1,9,300,40.66666666666666
41.4,Control,1,10,330,20.4
41.4,Control,1,11,360,31.066666666666666
41.4,Control,1,12,390,52.8
41.4,Control,1,13,420,90.4
41.4,Control,1,14,450,66.4
41.5,Control,1,0,30,11.333333333333332
41.5,Control,1,1,60,5.733333333333333
41.5,Control,1,2,90,4.0
41.5,Control,1,3,120,4.266666666666667
41.5,Control,1,4,150,13.066666666666665
41.5,Control,1,5,180,0.0
41.5,Control,1,6,210,3.2
41.5,Control,1,7,240,14.000000000000002
41.5,Control,1,8,270,52.0
41.5,Control,1,9,300,21.333333333333332
41.5,Control,1,10,330,30.8
41.5,Control,1,11,360,31.999999999999996
41.5,Control,1,12,390,48.0
41.5,Control,1,13,420,36.8
41.5,Control,1,14,450,37.06666666666666
41.6,Control,1,0,30,1.4666666666666666
41.6,Control,1,1,60,0.0
41.6,Control,1,2,90,0.9333333333333336
41.6,Control,1,3,120,2.8000000000000003
41.6,Control,1,4,150,0.9333333333333336
41.6,Control,1,5,180,0.0
41.6,Control,1,6,210,1.4666666666666666
41.6,Control,1,7,240,10.933333333333334
41.6,Control,1,8,270,28.933333333333334
41.6,Control,1,9,300,9.866666666666667
41.6,Control,1,10,330,31.866666666666667
41.6,Control,1,11,360,52.66666666666666
41.6,Control,1,12,390,52.0
41.6,Control,1,13,420,42.0
41.6,Control,1,14,450,77.73333333333333
43.3,ELS,1,0,30,0.0
43.3,ELS,1,1,60,2.1333333333333333
43.3,ELS,1,2,90,0.0
43.3,ELS,1,3,120,2.533333333333333
43.3,ELS,1,4,150,3.733333333333334
43.3,ELS,1,5,180,0.0
43.3,ELS,1,6,210,2.2666666666666666
43.3,ELS,1,7,240,27.33333333333333
43.3,ELS,1,8,270,16.533333333333335
43.3,ELS,1,9,300,24.399999999999995
43.3,ELS,1,10,330,18.0
43.3,ELS,1,11,360,18.4
43.3,ELS,1,12,390,27.200000000000003
43.3,ELS,1,13,420,38.266666666666666
43.3,ELS,1,14,450,46.0
43.5,ELS,1,0,30,0.0
43.5,ELS,1,1,60,3.2
43.5,ELS,1,2,90,6.0
43.5,ELS,1,3,120,2.8000000000000003
43.5,ELS,1,4,150,0.0
43.5,ELS,1,5,180,5.2
43.5,ELS,1,6,210,4.8
43.5,ELS,1,7,240,26.8
43.5,ELS,1,8,270,25.466666666666665
43.5,ELS,1,9,300,5.066666666666666
43.5,ELS,1,10,330,23.6
43.5,ELS,1,11,360,34.0
43.5,ELS,1,12,390,35.06666666666667
43.5,ELS,1,13,420,53.73333333333333
43.5,ELS,1,14,450,22.933333333333334
47.5,Control,1,0,30,0.0
47.5,Control,1,1,60,2.1333333333333333
47.5,Control,1,2,90,13.2
47.5,Control,1,3,120,3.733333333333334
47.5,Control,1,4,150,3.333333333333333
47.5,Control,1,5,180,1.7333333333333332
47.5,Control,1,6,210,25.066666666666663
47.5,Control,1,7,240,35.6
47.5,Control,1,8,270,3.8666666666666663
47.5,Control,1,9,300,34.53333333333333
47.5,Control,1,10,330,13.866666666666664
47.5,Control,1,11,360,34.66666666666667
47.5,Control,1,12,390,34.13333333333333
47.5,Control,1,13,420,2.666666666666667
47.5,Control,1,14,450,41.2
49.5,ELS,1,0,30,0.0
49.5,ELS,1,1,60,3.8666666666666663
49.5,ELS,1,2,90,2.1333333333333333
49.5,ELS,1,3,120,0.0
49.5,ELS,1,4,150,0.0
49.5,ELS,1,5,180,0.0
49.5,ELS,1,6,210,0.0
49.5,ELS,1,7,240,5.733333333333333
49.5,ELS,1,8,270,2.8000000000000003
49.5,ELS,1,9,300,4.0
49.5,ELS,1,10,330,8.933333333333334
49.5,ELS,1,11,360,8.8
49.5,ELS,1,12,390,19.066666666666663
49.5,ELS,1,13,420,24.533333333333335
49.5,ELS,1,14,450,24.266666666666666
49.6,ELS,1,0,30,0.5333333333333333
49.6,ELS,1,1,60,9.6
49.6,ELS,1,2,90,11.866666666666667
49.6,ELS,1,3,120,14.666666666666668
49.6,ELS,1,4,150,16.133333333333333
49.6,ELS,1,5,180,7.466666666666668
49.6,ELS,1,6,210,25.333333333333336
49.6,ELS,1,7,240,53.733333333333334
49.6,ELS,1,8,270,20.8
49.6,ELS,1,9,300,47.2
49.6,ELS,1,10,330,68.4
49.6,ELS,1,11,360,73.06666666666666
49.6,ELS,1,12,390,71.86666666666666
49.6,ELS,1,13,420,68.13333333333333
49.6,ELS,1,14,450,80.53333333333333
50.5,Control,1,0,30,0.0
50.5,Control,1,1,60,0.0
50.5,Control,1,2,90,0.0
50.5,Control,1,3,120,17.2
50.5,Control,1,4,150,15.333333333333332
50.5,Control,1,5,180,27.6
50.5,Control,1,6,210,15.866666666666667
50.5,Control,1,7,240,36.266666666666666
50.5,Control,1,8,270,17.733333333333334
50.5,Control,1,9,300,33.733333333333334
50.5,Control,1,10,330,46.93333333333334
50.5,Control,1,11,360,74.66666666666667
50.5,Control,1,12,390,69.86666666666666
50.5,Control,1,13,420,62.4
50.5,Control,1,14,450,48.66666666666667
53.5,Control,1,0,30,9.2
53.5,Control,1,1,60,0.0
53.5,Control,1,2,90,4.533333333333333
53.5,Control,1,3,120,4.933333333333334
53.5,Control,1,4,150,4.533333333333333
53.5,Control,1,5,180,4.933333333333334
53.5,Control,1,6,210,8.133333333333333
53.5,Control,1,7,240,36.93333333333334
53.5,Control,1,8,270,6.533333333333332
53.5,Control,1,9,300,15.733333333333333
53.5,Control,1,10,330,47.866666666666674
53.5,Control,1,11,360,58.4
53.5,Control,1,12,390,56.13333333333334
53.5,Control,1,13,420,68.26666666666667
53.5,Control,1,14,450,72.53333333333333
54.3,Control,1,0,30,0.0
54.3,Control,1,1,60,2.666666666666667
54.3,Control,1,2,90,1.6
54.3,Control,1,3,120,1.866666666666667
54.3,Control,1,4,150,5.333333333333334
54.3,Control,1,5,180,0.0
54.3,Control,1,6,210,4.266666666666667
54.3,Control,1,7,240,31.066666666666666
54.3,Control,1,8,270,18.53333333333333
54.3,Control,1,9,300,46.13333333333333
54.3,Control,1,10,330,20.0
54.3,Control,1,11,360,36.66666666666666
54.3,Control,1,12,390,7.466666666666668
54.3,Control,1,13,420,39.46666666666667
54.3,Control,1,14,450,46.93333333333333
54.4,Control,1,0,30,6.266666666666667
54.4,Control,1,1,60,5.733333333333333
54.4,Control,1,2,90,10.533333333333331
54.4,Control,1,3,120,9.6
54.4,Control,1,4,150,3.7333333333333334
54.4,Control,1,5,180,43.333333333333336
54.4,Control,1,6,210,21.066666666666663
54.4,Control,1,7,240,48.8
54.4,Control,1,8,270,62.66666666666667
54.4,Control,1,9,300,41.333333333333336
54.4,Control,1,10,330,50.4
54.4,Control,1,11,360,22.8
54.4,Control,1,12,390,45.2
54.4,Control,1,13,420,37.73333333333333
54.4,Control,1,14,450,74.4
54.6,Control,1,0,30,0.0
54.6,Control,1,1,60,9.733333333333333
54.6,Control,1,2,90,14.133333333333333
54.6,Control,1,3,120,4.4
54.6,Control,1,4,150,3.2
54.6,Control,1,5,180,5.333333333333334
54.6,Control,1,6,210,23.866666666666667
54.6,Control,1,7,240,51.33333333333333
54.6,Control,1,8,270,25.866666666666667
54.6,Control,1,9,300,32.266666666666666
54.6,Control,1,10,330,33.33333333333333
54.6,Control,1,11,360,29.599999999999994
54.6,Control,1,12,390,49.199999999999996
54.6,Control,1,13,420,39.33333333333333
54.6,Control,1,14,450,52.53333333333333
55.3,ELS,1,0,30,0.0
55.3,ELS,1,1,60,0.0
55.3,ELS,1,2,90,1.3333333333333337
55.3,ELS,1,3,120,7.466666666666668
55.3,ELS,1,4,150,10.266666666666667
55.3,ELS,1,5,180,0.0
55.3,ELS,1,6,210,23.200000000000003
55.3,ELS,1,7,240,12.133333333333333
55.3,ELS,1,8,270,13.6
55.3,ELS,1,9,300,22.666666666666664
55.3,ELS,1,10,330,23.46666666666667
55.3,ELS,1,11,360,21.2
55.3,ELS,1,12,390,31.466666666666665
55.3,ELS,1,13,420,18.133333333333333
55.3,ELS,1,14,450,15.066666666666668
55.5,ELS,1,0,30,0.0
55.5,ELS,1,1,60,6.266666666666667
55.5,ELS,1,2,90,0.0
55.5,ELS,1,3,120,0.8
55.5,ELS,1,4,150,0.0
55.5,ELS,1,5,180,0.0
55.5,ELS,1,6,210,1.0666666666666669
55.5,ELS,1,7,240,12.533333333333331
55.5,ELS,1,8,270,5.2
55.5,ELS,1,9,300,10.933333333333334
55.5,ELS,1,10,330,12.933333333333334
55.5,ELS,1,11,360,18.0
55.5,ELS,1,12,390,7.466666666666668
55.5,ELS,1,13,420,7.866666666666666
55.5,ELS,1,14,450,9.066666666666666
56.3,ELS,1,0,30,0.0
56.3,ELS,1,1,60,0.0
56.3,ELS,1,2,90,2.8000000000000003
56.3,ELS,1,3,120,1.4666666666666666
56.3,ELS,1,4,150,2.8000000000000003
56.3,ELS,1,5,180,7.066666666666667
56.3,ELS,1,6,210,31.73333333333333
56.3,ELS,1,7,240,22.26666666666667
56.3,ELS,1,8,270,11.733333333333333
56.3,ELS,1,9,300,40.93333333333333
56.3,ELS,1,10,330,31.333333333333336
56.3,ELS,1,11,360,31.466666666666665
56.3,ELS,1,12,390,43.73333333333333
56.3,ELS,1,13,420,24.8
56.3,ELS,1,14,450,58.0
58.5,Control,1,0,30,0.0
58.5,Control,1,1,60,0.9333333333333336
58.5,Control,1,2,90,4.266666666666667
58.5,Control,1,3,120,3.2
58.5,Control,1,4,150,3.733333333333334
58.5,Control,1,5,180,0.0
58.5,Control,1,6,210,5.2
58.5,Control,1,7,240,11.733333333333333
58.5,Control,1,8,270,22.799999999999997
58.5,Control,1,9,300,15.2
58.5,Control,1,10,330,5.2
58.5,Control,1,11,360,28.133333333333333
58.5,Control,1,12,390,34.4
58.5,Control,1,13,420,73.86666666666667
58.5,Control,1,14,450,48.8
62.1,Control,1,0,30,0.0
62.1,Control,1,1,60,0.0
62.1,Control,1,2,90,0.0
62.1,Control,1,3,120,0.0
62.1,Control,1,4,150,0.0
62.1,Control,1,5,180,2.1333333333333333
62.1,Control,1,6,210,4.4
62.1,Control,1,7,240,3.4666666666666663
62.1,Control,1,8,270,8.933333333333334
62.1,Control,1,9,300,11.066666666666666
62.1,Control,1,10,330,12.266666666666666
62.1,Control,1,11,360,22.666666666666664
62.1,Control,1,12,390,14.533333333333337
62.1,Control,1,13,420,42.66666666666667
62.1,Control,1,14,450,38.666666666666664
62.2,Control,1,0,30,1.3333333333333337
62.2,Control,1,1,60,4.533333333333333
62.2,Control,1,2,90,27.33333333333333
62.2,Control,1,3,120,0.0
62.2,Control,1,4,150,6.666666666666667
62.2,Control,1,5,180,14.133333333333336
62.2,Control,1,6,210,19.6
62.2,Control,1,7,240,30.53333333333333
62.2,Control,1,8,270,26.13333333333333
62.2,Control,1,9,300,20.8
62.2,Control,1,10,330,55.199999999999996
62.2,Control,1,11,360,18.53333333333333
62.2,Control,1,12,390,24.8
62.2,Control,1,13,420,57.33333333333333
62.2,Control,1,14,450,67.06666666666666
62.3,Control,1,0,30,0.0
62.3,Control,1,1,60,0.0
62.3,Control,1,2,90,4.8
62.3,Control,1,3,120,7.6
62.3,Control,1,4,150,2.666666666666667
62.3,Control,1,5,180,6.533333333333333
62.3,Control,1,6,210,26.133333333333333
62.3,Control,1,7,240,20.266666666666666
62.3,Control,1,8,270,25.6
62.3,Control,1,9,300,39.86666666666667
62.3,Control,1,10,330,62.133333333333326
62.3,Control,1,11,360,57.99999999999999
62.3,Control,1,12,390,51.866666666666674
62.3,Control,1,13,420,49.73333333333333
62.3,Control,1,14,450,74.26666666666667
62.4,Control,1,0,30,0.0
62.4,Control,1,1,60,0.0
62.4,Control,1,2,90,2.4
62.4,Control,1,3,120,1.2
62.4,Control,1,4,150,0.0
62.4,Control,1,5,180,2.2666666666666666
62.4,Control,1,6,210,4.266666666666667
62.4,Control,1,7,240,26.0
62.4,Control,1,8,270,27.46666666666667
62.4,Control,1,9,300,18.8
62.4,Control,1,10,330,66.4
62.4,Control,1,11,360,65.86666666666666
62.4,Control,1,12,390,44.8
62.4,Control,1,13,420,55.06666666666666
62.4,Control,1,14,450,55.86666666666667
62.5,Control,1,0,30,0.0
62.5,Control,1,1,60,0.0
62.5,Control,1,2,90,0.0
62.5,Control,1,3,120,0.0
62.5,Control,1,4,150,0.0
62.5,Control,1,5,180,0.0
62.5,Control,1,6,210,2.2666666666666666
62.5,Control,1,7,240,18.400000000000002
62.5,Control,1,8,270,4.8
62.5,Control,1,9,300,18.8
62.5,Control,1,10,330,13.333333333333334
62.5,Control,1,11,360,27.333333333333336
62.5,Control,1,12,390,18.4
62.5,Control,1,13,420,23.866666666666667
62.5,Control,1,14,450,24.4
63.3,ELS,1,0,30,0.0
63.3,ELS,1,1,60,11.733333333333333
63.3,ELS,1,2,90,0.0
63.3,ELS,1,3,120,1.866666666666667
63.3,ELS,1,4,150,6.800000000000001
63.3,ELS,1,5,180,0.0
63.3,ELS,1,6,210,5.466666666666667
63.3,ELS,1,7,240,8.933333333333334
63.3,ELS,1,8,270,5.6000000000000005
63.3,ELS,1,9,300,23.733333333333334
63.3,ELS,1,10,330,25.333333333333332
63.3,ELS,1,11,360,45.86666666666667
63.3,ELS,1,12,390,28.26666666666667
63.3,ELS,1,13,420,69.46666666666667
63.3,ELS,1,14,450,57.333333333333336
68.1,Control,1,0,30,0.0
68.1,Control,1,1,60,1.3333333333333337
68.1,Control,1,2,90,1.4666666666666666
68.1,Control,1,3,120,1.4666666666666666
68.1,Control,1,4,150,6.666666666666667
68.1,Control,1,5,180,1.866666666666667
68.1,Control,1,6,210,3.4666666666666663
68.1,Control,1,7,240,48.0
68.1,Control,1,8,270,19.73333333333333
68.1,Control,1,9,300,16.400000000000002
68.1,Control,1,10,330,42.93333333333334
68.1,Control,1,11,360,50.93333333333333
68.1,Control,1,12,390,27.066666666666663
68.1,Control,1,13,420,38.266666666666666
68.1,Control,1,14,450,25.73333333333333
69.1,ELS,1,0,30,0.0
69.1,ELS,1,1,60,0.0
69.1,ELS,1,2,90,8.4
69.1,ELS,1,3,120,20.0
69.1,ELS,1,4,150,6.666666666666667
69.1,ELS,1,5,180,9.6
69.1,ELS,1,6,210,12.133333333333333
69.1,ELS,1,7,240,13.2
69.1,ELS,1,8,270,8.266666666666667
69.1,ELS,1,9,300,6.533333333333332
69.1,ELS,1,10,330,33.6
69.1,ELS,1,11,360,8.799999999999999
69.1,ELS,1,12,390,34.0
69.1,ELS,1,13,420,35.2
69.1,ELS,1,14,450,49.06666666666666
69.2,ELS,1,0,30,0.0
69.2,ELS,1,1,60,0.0
69.2,ELS,1,2,90,0.0
69.2,ELS,1,3,120,6.933333333333333
69.2,ELS,1,4,150,7.733333333333333
69.2,ELS,1,5,180,0.1333333333333333
69.2,ELS,1,6,210,6.666666666666667
69.2,ELS,1,7,240,11.6
69.2,ELS,1,8,270,10.533333333333331
69.2,ELS,1,9,300,1.7333333333333332
69.2,ELS,1,10,330,2.933333333333333
69.2,ELS,1,11,360,4.4
69.2,ELS,1,12,390,19.066666666666663
69.2,ELS,1,13,420,25.066666666666663
69.2,ELS,1,14,450,16.0
69.3,ELS,1,0,30,6.666666666666667
69.3,ELS,1,1,60,1.3333333333333337
69.3,ELS,1,2,90,1.2
69.3,ELS,1,3,120,0.0
69.3,ELS,1,4,150,0.0
69.3,ELS,1,5,180,4.533333333333333
69.3,ELS,1,6,210,13.066666666666665
69.3,ELS,1,7,240,18.933333333333334
69.3,ELS,1,8,270,12.266666666666666
69.3,ELS,1,9,300,4.8
69.3,ELS,1,10,330,19.866666666666667
69.3,ELS,1,11,360,20.53333333333333
69.3,ELS,1,12,390,34.13333333333333
69.3,ELS,1,13,420,17.333333333333336
69.3,ELS,1,14,450,17.2
69.5,ELS,1,0,30,3.333333333333333
69.5,ELS,1,1,60,2.4
69.5,ELS,1,2,90,3.0666666666666664
69.5,ELS,1,3,120,4.0
69.5,ELS,1,4,150,0.0
69.5,ELS,1,5,180,10.133333333333333
69.5,ELS,1,6,210,14.666666666666666
69.5,ELS,1,7,240,14.133333333333333
69.5,ELS,1,8,270,29.33333333333333
69.5,ELS,1,9,300,25.466666666666665
69.5,ELS,1,10,330,3.733333333333334
69.5,ELS,1,11,360,17.2
69.5,ELS,1,12,390,45.2
69.5,ELS,1,13,420,20.53333333333333
69.5,ELS,1,14,450,52.26666666666666
73.1,ELS,1,0,30,6.666666666666667
73.1,ELS,1,1,60,0.0
73.1,ELS,1,2,90,1.4666666666666666
73.1,ELS,1,3,120,0.0
73.1,ELS,1,4,150,9.2
73.1,ELS,1,5,180,2.533333333333333
73.1,ELS,1,6,210,14.133333333333336
73.1,ELS,1,7,240,2.0
73.1,ELS,1,8,270,7.733333333333333
73.1,ELS,1,9,300,17.333333333333336
73.1,ELS,1,10,330,26.8
73.1,ELS,1,11,360,25.2
73.1,ELS,1,12,390,24.666666666666668
73.1,ELS,1,13,420,41.86666666666667
73.1,ELS,1,14,450,55.06666666666666
73.4,ELS,1,0,30,10.8
73.4,ELS,1,1,60,7.333333333333333
73.4,ELS,1,2,90,0.0
73.4,ELS,1,3,120,0.0
73.4,ELS,1,4,150,20.8
73.4,ELS,1,5,180,1.866666666666667
73.4,ELS,1,6,210,4.266666666666667
73.4,ELS,1,7,240,14.4
73.4,ELS,1,8,270,6.266666666666667
73.4,ELS,1,9,300,8.799999999999999
73.4,ELS,1,10,330,6.266666666666667
73.4,ELS,1,11,360,24.666666666666668
73.4,ELS,1,12,390,32.13333333333333
73.4,ELS,1,13,420,18.53333333333333
73.4,ELS,1,14,450,56.66666666666666
74.1,Control,1,0,30,0.0
74.1,Control,1,1,60,0.0
74.1,Control,1,2,90,5.333333333333334
74.1,Control,1,3,120,0.0
74.1,Control,1,4,150,4.0
74.1,Control,1,5,180,1.4666666666666666
74.1,Control,1,6,210,5.2
74.1,Control,1,7,240,34.0
74.1,Control,1,8,270,10.266666666666667
74.1,Control,1,9,300,18.4
74.1,Control,1,10,330,30.53333333333333
74.1,Control,1,11,360,19.866666666666667
74.1,Control,1,12,390,34.266666666666666
74.1,Control,1,13,420,57.73333333333333
74.1,Control,1,14,450,31.333333333333336
75.1,ELS,1,0,30,0.0
75.1,ELS,1,1,60,0.0
75.1,ELS,1,2,90,0.5333333333333333
75.1,ELS,1,3,120,2.933333333333333
75.1,ELS,1,4,150,0.0
75.1,ELS,1,5,180,0.0
75.1,ELS,1,6,210,5.6000000000000005
75.1,ELS,1,7,240,10.933333333333334
75.1,ELS,1,8,270,8.0
75.1,ELS,1,9,300,12.133333333333333
75.1,ELS,1,10,330,16.53333333333333
75.1,ELS,1,11,360,13.066666666666665
75.1,ELS,1,12,390,18.4
75.1,ELS,1,13,420,24.4
75.1,ELS,1,14,450,20.933333333333334
80.3,Control,1,0,30,2.533333333333333
80.3,Control,1,1,60,0.0
80.3,Control,1,2,90,1.3333333333333337
80.3,Control,1,3,120,8.133333333333333
80.3,Control,1,4,150,6.800000000000001
80.3,Control,1,5,180,4.533333333333333
80.3,Control,1,6,210,25.2
80.3,Control,1,7,240,9.866666666666667
80.3,Control,1,8,270,0.0
80.3,Control,1,9,300,10.133333333333333
80.3,Control,1,10,330,5.466666666666667
80.3,Control,1,11,360,0.0
80.3,Control,1,12,390,5.466666666666667
80.3,Control,1,13,420,0.0
80.3,Control,1,14,450,9.066666666666666
88.2,ELS,1,0,30,1.4666666666666666
88.2,ELS,1,1,60,14.4
88.2,ELS,1,2,90,0.0
88.2,ELS,1,3,120,2.4
88.2,ELS,1,4,150,4.266666666666667
88.2,ELS,1,5,180,0.0
88.2,ELS,1,6,210,4.933333333333334
88.2,ELS,1,7,240,12.933333333333334
88.2,ELS,1,8,270,12.133333333333333
88.2,ELS,1,9,300,13.466666666666663
88.2,ELS,1,10,330,14.266666666666666
88.2,ELS,1,11,360,20.133333333333333
88.2,ELS,1,12,390,28.133333333333333
88.2,ELS,1,13,420,19.2
88.2,ELS,1,14,450,55.06666666666666
88.3,ELS,1,0,30,0.6666666666666667
88.3,ELS,1,1,60,0.0
88.3,ELS,1,2,90,0.0
88.3,ELS,1,3,120,6.800000000000001
88.3,ELS,1,4,150,0.0
88.3,ELS,1,5,180,0.0
88.3,ELS,1,6,210,8.266666666666666
88.3,ELS,1,7,240,5.6000000000000005
88.3,ELS,1,8,270,0.0
88.3,ELS,1,9,300,8.933333333333334
88.3,ELS,1,10,330,16.133333333333333
88.3,ELS,1,11,360,6.800000000000001
88.3,ELS,1,12,390,27.200000000000003
88.3,ELS,1,13,420,56.266666666666666
88.3,ELS,1,14,450,51.33333333333333
123.1,ELS,3,0,30,7.6
123.1,ELS,3,1,60,10.533333333333331
123.1,ELS,3,2,90,0.0
123.1,ELS,3,3,120,2.4
123.1,ELS,3,4,150,0.8
123.1,ELS,3,5,180,12.4
123.1,ELS,3,6,210,19.066666666666663
123.1,ELS,3,7,240,20.4
123.1,ELS,3,8,270,50.66666666666667
123.1,ELS,3,9,300,23.73333333333333
123.1,ELS,3,10,330,46.400000000000006
123.1,ELS,3,11,360,43.6
123.1,ELS,3,12,390,35.333333333333336
123.1,ELS,3,13,420,45.33333333333333
123.1,ELS,3,14,450,59.73333333333334
123.3,ELS,3,0,30,0.0
123.3,ELS,3,1,60,0.0
123.3,ELS,3,2,90,0.0
123.3,ELS,3,3,120,0.0
123.3,ELS,3,4,150,0.0
123.3,ELS,3,5,180,4.933333333333334
123.3,ELS,3,6,210,16.133333333333333
123.3,ELS,3,7,240,54.53333333333333
123.3,ELS,3,8,270,39.2
123.3,ELS,3,9,300,21.066666666666663
123.3,ELS,3,10,330,61.2
123.3,ELS,3,11,360,62.93333333333333
123.3,ELS,3,12,390,47.86666666666667
123.3,ELS,3,13,420,56.266666666666666
123.3,ELS,3,14,450,78.93333333333334
128.4,ELS,3,0,30,0.0
128.4,ELS,3,1,60,1.4666666666666666
128.4,ELS,3,2,90,2.666666666666667
128.4,ELS,3,3,120,0.0
128.4,ELS,3,4,150,3.4666666666666663
128.4,ELS,3,5,180,7.466666666666668
128.4,ELS,3,6,210,15.733333333333333
128.4,ELS,3,7,240,43.333333333333336
128.4,ELS,3,8,270,29.33333333333333
128.4,ELS,3,9,300,14.133333333333336
128.4,ELS,3,10,330,57.73333333333333
128.4,ELS,3,11,360,71.06666666666666
128.4,ELS,3,12,390,63.6
128.4,ELS,3,13,420,32.0
128.4,ELS,3,14,450,53.86666666666666
129.1,Control,3,0,30,0.0
129.1,Control,3,1,60,0.0
129.1,Control,3,2,90,13.066666666666665
129.1,Control,3,3,120,2.666666666666667
129.1,Control,3,4,150,8.533333333333333
129.1,Control,3,5,180,2.666666666666667
129.1,Control,3,6,210,28.8
129.1,Control,3,7,240,27.200000000000003
129.1,Control,3,8,270,54.53333333333333
129.1,Control,3,9,300,12.8
129.1,Control,3,10,330,36.4
129.1,Control,3,11,360,70.93333333333334
129.1,Control,3,12,390,84.53333333333333
129.1,Control,3,13,420,68.53333333333333
129.1,Control,3,14,450,78.4
129.4,Control,3,0,30,5.333333333333334
129.4,Control,3,1,60,5.333333333333334
129.4,Control,3,2,90,12.133333333333333
129.4,Control,3,3,120,3.8666666666666663
129.4,Control,3,4,150,16.266666666666666
129.4,Control,3,5,180,15.866666666666667
129.4,Control,3,6,210,33.733333333333334
129.4,Control,3,7,240,78.13333333333333
129.4,Control,3,8,270,62.53333333333333
129.4,Control,3,9,300,40.13333333333333
129.4,Control,3,10,330,36.66666666666666
129.4,Control,3,11,360,42.8
129.4,Control,3,12,390,55.73333333333333
129.4,Control,3,13,420,41.86666666666667
129.4,Control,3,14,450,89.2
133.3,ELS,3,0,30,1.3333333333333337
133.3,ELS,3,1,60,5.333333333333334
133.3,ELS,3,2,90,9.733333333333333
133.3,ELS,3,3,120,0.8
133.3,ELS,3,4,150,5.6000000000000005
133.3,ELS,3,5,180,34.93333333333333
133.3,ELS,3,6,210,33.86666666666667
133.3,ELS,3,7,240,74.13333333333333
133.3,ELS,3,8,270,47.86666666666667
133.3,ELS,3,9,300,66.93333333333334
133.3,ELS,3,10,330,48.13333333333333
133.3,ELS,3,11,360,30.53333333333333
133.3,ELS,3,12,390,29.2
133.3,ELS,3,13,420,76.53333333333333
133.3,ELS,3,14,450,46.666666666666664
134.2,ELS,3,0,30,0.0
134.2,ELS,3,1,60,0.0
134.2,ELS,3,2,90,0.0
134.2,ELS,3,3,120,10.533333333333331
134.2,ELS,3,4,150,5.066666666666666
134.2,ELS,3,5,180,5.6000000000000005
134.2,ELS,3,6,210,9.733333333333333
134.2,ELS,3,7,240,65.06666666666666
134.2,ELS,3,8,270,60.266666666666666
134.2,ELS,3,9,300,2.0
134.2,ELS,3,10,330,39.2
134.2,ELS,3,11,360,73.06666666666666
134.2,ELS,3,12,390,33.86666666666667
134.2,ELS,3,13,420,71.6
134.2,ELS,3,14,450,56.39999999999999
134.4,ELS,3,0,30,0.0
134.4,ELS,3,1,60,0.0
134.4,ELS,3,2,90,0.0
134.4,ELS,3,3,120,0.0
134.4,ELS,3,4,150,0.0
134.4,ELS,3,5,180,21.866666666666667
134.4,ELS,3,6,210,11.2
134.4,ELS,3,7,240,71.06666666666666
134.4,ELS,3,8,270,33.2
134.4,ELS,3,9,300,24.0
134.4,ELS,3,10,330,41.333333333333336
134.4,ELS,3,11,360,35.06666666666667
134.4,ELS,3,12,390,50.93333333333333
134.4,ELS,3,13,420,26.266666666666666
134.4,ELS,3,14,450,48.0
136.2,Control,3,0,30,0.0
136.2,Control,3,1,60,6.933333333333333
136.2,Control,3,2,90,6.666666666666667
136.2,Control,3,3,120,15.466666666666669
136.2,Control,3,4,150,3.0666666666666664
136.2,Control,3,5,180,3.8666666666666663
136.2,Control,3,6,210,9.733333333333333
136.2,Control,3,7,240,50.0
136.2,Control,3,8,270,24.4
136.2,Control,3,9,300,34.666666666666664
136.2,Control,3,10,330,38.66666666666666
136.2,Control,3,11,360,52.8
136.2,Control,3,12,390,32.93333333333333
136.2,Control,3,13,420,25.2
136.2,Control,3,14,450,55.333333333333336
136.3,Control,3,0,30,4.266666666666667
136.3,Control,3,1,60,1.4666666666666666
136.3,Control,3,2,90,10.133333333333333
136.3,Control,3,3,120,6.666666666666667
136.3,Control,3,4,150,6.933333333333333
136.3,Control,3,5,180,24.8
136.3,Control,3,6,210,10.133333333333333
136.3,Control,3,7,240,42.00000000000001
136.3,Control,3,8,270,9.2
136.3,Control,3,9,300,19.2
136.3,Control,3,10,330,11.866666666666667
136.3,Control,3,11,360,48.4
136.3,Control,3,12,390,32.4
136.3,Control,3,13,420,27.866666666666667
136.3,Control,3,14,450,54.8
136.5,Control,3,0,30,0.0
136.5,Control,3,1,60,9.6
136.5,Control,3,2,90,6.133333333333333
136.5,Control,3,3,120,0.0
136.5,Control,3,4,150,0.0
136.5,Control,3,5,180,11.733333333333333
136.5,Control,3,6,210,38.53333333333334
136.5,Control,3,7,240,41.46666666666667
136.5,Control,3,8,270,63.2
136.5,Control,3,9,300,26.8
136.5,Control,3,10,330,55.86666666666667
136.5,Control,3,11,360,68.4
136.5,Control,3,12,390,54.13333333333333
136.5,Control,3,13,420,44.53333333333333
136.5,Control,3,14,450,92.0
137.3,Control,3,0,30,0.0
137.3,Control,3,1,60,3.0666666666666664
137.3,Control,3,2,90,0.0
137.3,Control,3,3,120,0.0
137.3,Control,3,4,150,3.6
137.3,Control,3,5,180,0.0
137.3,Control,3,6,210,0.0
137.3,Control,3,7,240,0.0
137.3,Control,3,8,270,18.53333333333333
137.3,Control,3,9,300,4.4
137.3,Control,3,10,330,11.333333333333332
137.3,Control,3,11,360,7.333333333333333
137.3,Control,3,12,390,18.8
137.3,Control,3,13,420,28.26666666666667
137.3,Control,3,14,450,30.666666666666664
144.3,ELS,3,0,30,0.0
144.3,ELS,3,1,60,2.666666666666667
144.3,ELS,3,2,90,1.4666666666666666
144.3,ELS,3,3,120,4.133333333333333
144.3,ELS,3,4,150,5.333333333333334
144.3,ELS,3,5,180,2.0
144.3,ELS,3,6,210,3.466666666666667
144.3,ELS,3,7,240,35.06666666666667
144.3,ELS,3,8,270,36.0
144.3,ELS,3,9,300,14.266666666666666
144.3,ELS,3,10,330,7.866666666666666
144.3,ELS,3,11,360,8.4
144.3,ELS,3,12,390,25.466666666666665
144.3,ELS,3,13,420,17.066666666666666
144.3,ELS,3,14,450,32.4
144.5,ELS,3,0,30,0.0
144.5,ELS,3,1,60,1.7333333333333332
144.5,ELS,3,2,90,14.266666666666666
144.5,ELS,3,3,120,0.0
144.5,ELS,3,4,150,6.4
144.5,ELS,3,5,180,10.666666666666668
144.5,ELS,3,6,210,17.733333333333334
144.5,ELS,3,7,240,37.6
144.5,ELS,3,8,270,5.333333333333334
144.5,ELS,3,9,300,13.6
144.5,ELS,3,10,330,53.86666666666666
144.5,ELS,3,11,360,29.06666666666667
144.5,ELS,3,12,390,30.0
144.5,ELS,3,13,420,11.866666666666667
144.5,ELS,3,14,450,41.06666666666667
145.5,Control,3,0,30,0.4
145.5,Control,3,1,60,0.9333333333333336
145.5,Control,3,2,90,0.0
145.5,Control,3,3,120,4.4
145.5,Control,3,4,150,8.533333333333333
145.5,Control,3,5,180,12.4
145.5,Control,3,6,210,34.66666666666667
145.5,Control,3,7,240,19.066666666666663
145.5,Control,3,8,270,52.0
145.5,Control,3,9,300,26.4
145.5,Control,3,10,330,32.8
145.5,Control,3,11,360,44.93333333333333
145.5,Control,3,12,390,49.86666666666666
145.5,Control,3,13,420,37.86666666666667
145.5,Control,3,14,450,52.666666666666664
146.6,Control,3,0,30,2.666666666666667
146.6,Control,3,1,60,0.6666666666666667
146.6,Control,3,2,90,2.1333333333333333
146.6,Control,3,3,120,1.866666666666667
146.6,Control,3,4,150,33.06666666666666
146.6,Control,3,5,180,16.400000000000002
146.6,Control,3,6,210,31.6
146.6,Control,3,7,240,84.0
146.6,Control,3,8,270,63.46666666666667
146.6,Control,3,9,300,55.866666666666674
146.6,Control,3,10,330,73.86666666666666
146.6,Control,3,11,360,49.06666666666666
146.6,Control,3,12,390,59.33333333333334
146.6,Control,3,13,420,62.53333333333333
146.6,Control,3,14,450,82.13333333333333
147.4,Control,3,0,30,0.0
147.4,Control,3,1,60,0.0
147.4,Control,3,2,90,0.0
147.4,Control,3,3,120,4.666666666666667
147.4,Control,3,4,150,1.0666666666666669
147.4,Control,3,5,180,7.2
147.4,Control,3,6,210,14.4
147.4,Control,3,7,240,58.8
147.4,Control,3,8,270,38.400000000000006
147.4,Control,3,9,300,16.400000000000002
147.4,Control,3,10,330,46.93333333333334
147.4,Control,3,11,360,61.86666666666667
147.4,Control,3,12,390,46.53333333333333
147.4,Control,3,13,420,48.13333333333333
147.4,Control,3,14,450,72.13333333333334
148.4,ELS,3,0,30,1.7333333333333332
148.4,ELS,3,1,60,0.0
148.4,ELS,3,2,90,0.0
148.4,ELS,3,3,120,3.4666666666666663
148.4,ELS,3,4,150,0.0
148.4,ELS,3,5,180,13.2
148.4,ELS,3,6,210,18.4
148.4,ELS,3,7,240,31.2
148.4,ELS,3,8,270,22.26666666666667
148.4,ELS,3,9,300,6.533333333333332
148.4,ELS,3,10,330,51.866666666666674
148.4,ELS,3,11,360,43.86666666666667
148.4,ELS,3,12,390,31.333333333333336
148.4,ELS,3,13,420,69.46666666666667
148.4,ELS,3,14,450,76.53333333333333
150.3,ELS,3,0,30,2.2666666666666666
150.3,ELS,3,1,60,15.866666666666667
150.3,ELS,3,2,90,8.8
150.3,ELS,3,3,120,10.266666666666667
150.3,ELS,3,4,150,3.0666666666666664
150.3,ELS,3,5,180,11.733333333333333
150.3,ELS,3,6,210,32.0
150.3,ELS,3,7,240,29.73333333333333
150.3,ELS,3,8,270,21.066666666666663
150.3,ELS,3,9,300,50.8
150.3,ELS,3,10,330,67.86666666666666
150.3,ELS,3,11,360,61.06666666666667
150.3,ELS,3,12,390,68.4
150.3,ELS,3,13,420,38.8
150.3,ELS,3,14,450,85.33333333333334
150.5,ELS,3,0,30,0.0
150.5,ELS,3,1,60,2.533333333333333
150.5,ELS,3,2,90,5.6000000000000005
150.5,ELS,3,3,120,0.0
150.5,ELS,3,4,150,0.0
150.5,ELS,3,5,180,0.0
150.5,ELS,3,6,210,1.866666666666667
150.5,ELS,3,7,240,6.933333333333333
150.5,ELS,3,8,270,9.066666666666666
150.5,ELS,3,9,300,18.666666666666668
150.5,ELS,3,10,330,20.933333333333334
150.5,ELS,3,11,360,34.66666666666667
150.5,ELS,3,12,390,20.933333333333334
150.5,ELS,3,13,420,30.0
150.5,ELS,3,14,450,38.266666666666666
152.3,Control,3,0,30,0.0
152.3,Control,3,1,60,0.0
152.3,Control,3,2,90,0.0
152.3,Control,3,3,120,0.0
152.3,Control,3,4,150,0.0
152.3,Control,3,5,180,4.533333333333333
152.3,Control,3,6,210,6.666666666666667
152.3,Control,3,7,240,32.666666666666664
152.3,Control,3,8,270,18.133333333333333
152.3,Control,3,9,300,46.8
152.3,Control,3,10,330,38.93333333333333
152.3,Control,3,11,360,36.53333333333333
152.3,Control,3,12,390,53.46666666666667
152.3,Control,3,13,420,37.73333333333333
152.3,Control,3,14,450,50.26666666666667
152.5,Control,3,0,30,0.0
152.5,Control,3,1,60,4.266666666666667
152.5,Control,3,2,90,12.666666666666668
152.5,Control,3,3,120,2.4
152.5,Control,3,4,150,18.266666666666666
152.5,Control,3,5,180,17.599999999999998
152.5,Control,3,6,210,25.466666666666665
152.5,Control,3,7,240,37.06666666666666
152.5,Control,3,8,270,64.4
152.5,Control,3,9,300,55.06666666666666
152.5,Control,3,10,330,54.400000000000006
152.5,Control,3,11,360,61.866666666666674
152.5,Control,3,12,390,65.33333333333333
152.5,Control,3,13,420,54.0
152.5,Control,3,14,450,68.0
153.4,ELS,3,0,30,0.0
153.4,ELS,3,1,60,12.133333333333333
153.4,ELS,3,2,90,1.2
153.4,ELS,3,3,120,12.8
153.4,ELS,3,4,150,24.8
153.4,ELS,3,5,180,28.26666666666667
153.4,ELS,3,6,210,28.4
153.4,ELS,3,7,240,24.53333333333333
153.4,ELS,3,8,270,22.666666666666664
153.4,ELS,3,9,300,37.06666666666666
153.4,ELS,3,10,330,52.13333333333333
153.4,ELS,3,11,360,46.53333333333333
153.4,ELS,3,12,390,59.06666666666667
153.4,ELS,3,13,420,38.4
153.4,ELS,3,14,450,31.333333333333336
154.4,ELS,3,0,30,0.8
154.4,ELS,3,1,60,0.0
154.4,ELS,3,2,90,0.8
154.4,ELS,3,3,120,14.133333333333336
154.4,ELS,3,4,150,4.4
154.4,ELS,3,5,180,12.266666666666666
154.4,ELS,3,6,210,22.133333333333333
154.4,ELS,3,7,240,56.93333333333334
154.4,ELS,3,8,270,24.8
154.4,ELS,3,9,300,29.33333333333333
154.4,ELS,3,10,330,47.6
154.4,ELS,3,11,360,12.533333333333331
154.4,ELS,3,12,390,62.93333333333333
154.4,ELS,3,13,420,41.46666666666667
154.4,ELS,3,14,450,51.33333333333333
157.1,Control,3,0,30,0.0
157.1,Control,3,1,60,0.0
157.1,Control,3,2,90,1.2
157.1,Control,3,3,120,0.0
157.1,Control,3,4,150,9.6
157.1,Control,3,5,180,12.8
157.1,Control,3,6,210,12.533333333333331
157.1,Control,3,7,240,24.8
157.1,Control,3,8,270,16.933333333333334
157.1,Control,3,9,300,21.333333333333336
157.1,Control,3,10,330,33.6
157.1,Control,3,11,360,33.6
157.1,Control,3,12,390,27.200000000000003
157.1,Control,3,13,420,38.93333333333334
157.1,Control,3,14,450,49.86666666666667
157.4,Control,3,0,30,0.0
157.4,Control,3,1,60,0.0
157.4,Control,3,2,90,2.8000000000000003
157.4,Control,3,3,120,0.0
157.4,Control,3,4,150,2.0
157.4,Control,3,5,180,10.266666666666667
157.4,Control,3,6,210,3.333333333333333
157.4,Control,3,7,240,22.26666666666667
157.4,Control,3,8,270,24.133333333333333
157.4,Control,3,9,300,14.8
157.4,Control,3,10,330,49.6
157.4,Control,3,11,360,61.33333333333333
157.4,Control,3,12,390,44.4
157.4,Control,3,13,420,20.53333333333333
157.4,Control,3,14,450,33.33333333333333
158.5,Control,3,0,30,0.0
158.5,Control,3,1,60,0.0
158.5,Control,3,2,90,9.2
158.5,Control,3,3,120,5.2
158.5,Control,3,4,150,27.200000000000003
158.5,Control,3,5,180,3.4666666666666663
158.5,Control,3,6,210,7.6
158.5,Control,3,7,240,27.2
158.5,Control,3,8,270,49.46666666666667
158.5,Control,3,9,300,34.93333333333333
158.5,Control,3,10,330,50.26666666666667
158.5,Control,3,11,360,49.86666666666667
158.5,Control,3,12,390,61.86666666666667
158.5,Control,3,13,420,48.4
158.5,Control,3,14,450,68.13333333333334
159.3,ELS,3,0,30,0.0
159.3,ELS,3,1,60,0.0
159.3,ELS,3,2,90,15.466666666666669
159.3,ELS,3,3,120,8.933333333333334
159.3,ELS,3,4,150,3.333333333333333
159.3,ELS,3,5,180,3.8666666666666663
159.3,ELS,3,6,210,7.466666666666668
159.3,ELS,3,7,240,19.2
159.3,ELS,3,8,270,11.6
159.3,ELS,3,9,300,2.8000000000000003
159.3,ELS,3,10,330,17.2
159.3,ELS,3,11,360,9.866666666666667
159.3,ELS,3,12,390,19.33333333333333
159.3,ELS,3,13,420,13.466666666666663
159.3,ELS,3,14,450,48.53333333333333
159.4,ELS,3,0,30,0.0
159.4,ELS,3,1,60,4.266666666666667
159.4,ELS,3,2,90,3.4666666666666663
159.4,ELS,3,3,120,5.6000000000000005
159.4,ELS,3,4,150,14.666666666666666
159.4,ELS,3,5,180,15.6
159.4,ELS,3,6,210,37.6
159.4,ELS,3,7,240,35.46666666666667
159.4,ELS,3,8,270,38.53333333333334
159.4,ELS,3,9,300,46.8
159.4,ELS,3,10,330,47.73333333333333
159.4,ELS,3,11,360,68.93333333333334
159.4,ELS,3,12,390,47.2
159.4,ELS,3,13,420,58.4
159.4,ELS,3,14,450,76.66666666666667
159.5,ELS,3,0,30,2.666666666666667
159.5,ELS,3,1,60,0.0
159.5,ELS,3,2,90,8.266666666666666
159.5,ELS,3,3,120,0.0
159.5,ELS,3,4,150,2.933333333333333
159.5,ELS,3,5,180,12.0
159.5,ELS,3,6,210,4.266666666666667
159.5,ELS,3,7,240,9.466666666666669
159.5,ELS,3,8,270,7.199999999999999
159.5,ELS,3,9,300,6.666666666666667
159.5,ELS,3,10,330,24.0
159.5,ELS,3,11,360,20.933333333333334
159.5,ELS,3,12,390,14.000000000000002
159.5,ELS,3,13,420,11.466666666666669
159.5,ELS,3,14,450,18.133333333333333
161.1,Control,3,0,30,0.0
161.1,Control,3,1,60,2.2666666666666666
161.1,Control,3,2,90,14.666666666666668
161.1,Control,3,3,120,5.066666666666666
161.1,Control,3,4,150,13.733333333333334
161.1,Control,3,5,180,24.133333333333333
161.1,Control,3,6,210,21.866666666666667
161.1,Control,3,7,240,54.66666666666666
161.1,Control,3,8,270,62.26666666666667
161.1,Control,3,9,300,60.53333333333333
161.1,Control,3,10,330,47.333333333333336
161.1,Control,3,11,360,72.0
161.1,Control,3,12,390,75.2
161.1,Control,3,13,420,31.73333333333333
161.1,Control,3,14,450,47.46666666666667
161.3,Control,3,0,30,0.0
161.3,Control,3,1,60,0.0
161.3,Control,3,2,90,3.733333333333334
161.3,Control,3,3,120,1.6
161.3,Control,3,4,150,11.866666666666667
161.3,Control,3,5,180,10.266666666666667
161.3,Control,3,6,210,17.2
161.3,Control,3,7,240,37.2
161.3,Control,3,8,270,38.53333333333334
161.3,Control,3,9,300,44.13333333333333
161.3,Control,3,10,330,29.33333333333333
161.3,Control,3,11,360,39.6
161.3,Control,3,12,390,67.46666666666667
161.3,Control,3,13,420,53.86666666666666
161.3,Control,3,14,450,70.53333333333333
