recording,n_frames,mean_confidence,median_confidence,%_low_confidence(<0.5),%_Climbing,%_Freezing,%_Grooming,%_Jump,%_Locomotion,%_Sniffing,%_Turn,%_Unassigned
Day1-Trial1-Mouse3DLC_Resnet50_Han-PNASDec25shuffle1_snapshot_best-170_filtered_matched_to_jen,7200,0.7170677185141378,0.7270289361476898,4.611111111111111,1.375,98.61111111111111,0.0,0.0,0.0,0.0,0.0,0.013888888888888888
Day1-Trial1-Mouse7DLC_Resnet50_Han-PNASDec25shuffle1_snapshot_best-170_filtered_matched_to_jen,7200,0.7002692037820816,0.7158207595348358,4.083333333333333,0.2361111111111111,99.76388888888889,0.0,0.0,0.0,0.0,0.0,0.0
Day1-Trial2-Mouse7DLC_Resnet50_Han-PNASDec25shuffle1_snapshot_best-170_filtered_matched_to_jen,7200,0.6916944345210989,0.7045991122722626,4.152777777777778,0.8750000000000001,99.05555555555556,0.0,0.0,0.0,0.0,0.0,0.06944444444444445
Day1-Trial3-Mouse6DLC_Resnet50_Han-PNASDec25shuffle1_snapshot_best-170_filtered_matched_to_jen,7200,0.6960082983639505,0.7100028693675995,5.569444444444445,1.3333333333333335,98.55555555555556,0.0,0.0,0.0,0.0,0.0,0.1111111111111111
Day2-Trial1-Mouse1DLC_Resnet50_Han-PNASDec25shuffle1_snapshot_best-170_filtered_matched_to_jen,7200,0.6997594400702252,0.715437263250351,4.972222222222222,1.7500000000000002,98.19444444444444,0.0,0.0,0.0,0.0,0.0,0.05555555555555555
Day2-Trial1-Mouse5DLC_Resnet50_Han-PNASDec25shuffle1_snapshot_best-170_filtered_matched_to_jen,7200,0.7014684799313545,0.7187359929084778,4.25,3.958333333333333,96.04166666666667,0.0,0.0,0.0,0.0,0.0,0.0
Day2-Trial2-Mouse1DLC_Resnet50_Han-PNASDec25shuffle1_snapshot_best-170_filtered_matched_to_jen,7200,0.7049745693471696,0.7152602076530457,3.25,0.1388888888888889,99.41666666666666,0.0,0.0,0.0,0.0,0.0,0.4444444444444444
Day2-Trial3-Mouse6DLC_Resnet50_Han-PNASDec25shuffle1_snapshot_best-170_filtered_matched_to_jen,7200,0.720253082530366,0.7358652055263519,3.722222222222222,0.2361111111111111,99.70833333333333,0.0,0.0,0.0,0.0,0.0,0.05555555555555555
Day2-Trial4-Mouse6DLC_Resnet50_Han-PNASDec25shuffle1_snapshot_best-170_filtered_matched_to_jen,7200,0.6915880618161625,0.699370950460434,5.333333333333334,2.4027777777777777,97.55555555555556,0.0,0.0,0.0,0.0,0.0,0.04166666666666667
